latD	logD	source
35.1292	25.4779	NHMC
35.5852	24.1404	NHMC
35.3269	24.279	NHMC
35.2422	24.0844	NHMC
35.3893	23.9945	NHMC
35.4406	23.9885	NHMC
35.3093	24.7615	NHMC
35.3497	24.7844	NHMC
35.2884	24.0545	NHMC
35.157	24.4661	NHMC
35.1926	24.7406	NHMC
35.1882	24.7595	NHMC
35.4748	23.934	NHMC
35.3679	25.0389	NHMC
35.3319	25.1585	NHMC
35.1166	25.7225	NHMC
35.1307	24.6262	NHMC
34.9871	24.8657	NHMC
34.9425	24.8286	NHMC
34.9933	24.9458	NHMC
35.1416	24.9107	NHMC
35.1629	24.9313	NHMC
35.5112	23.5692	NHMC
35.2574	24.2527	NHMC
35.2563	24.2787	NHMC
35.3812	23.8104	NHMC
35.3304	23.9046	NHMC
35.3403	25.1228	NHMC
35.0526	25.1417	NHMC
35.1142	25.6765	NHMC
35.0319	25.8407	NHMC
34.9369	24.9414	NHMC
35.2076	24.624	NHMC
35.0138	25.3387	NHMC
35.3411	25.1458	NHMC
35.2823	25.1654	NHMC
35.4006	24.7472	NHMC
35.3345	25.137	NHMC
35.2422	24.7004	NHMC
35.3857	24.8418	NHMC
35.1838	24.3018	NHMC
35.1987	24.7938	NHMC
35.2106	24.7568	NHMC
35.2064	24.833	NHMC
35.1973	24.792	NHMC
35.1939	24.7828	NHMC
35.2869	24.7473	NHMC
35.1964	24.8383	NHMC
35.2464	24.889	NHMC
35.2092	24.793	NHMC
35.3345796730001	23.8327043470001	Bibliography
35.18507	25.7057	Bibliography
35.36257	24.2606	Bibliography
35.2359698010001	24.161942144	Bibliography
35.15328	24.82011	Bibliography
35.326770654	24.2799247360001	Bibliography
35.1636859340001	25.648115481	Bibliography
35.1500949730001	25.6464471190001	Bibliography
35.21333	25.52111	Bibliography
35.2272448	25.2496489	Bibliography
35.05304	25.88274	Bibliography
35.288038	23.739099	Bibliography
35.3032	24.1814	NHMC
35.2508	24.1108	NHMC
35.329	24.1986	NHMC
35.2317	24.0824	NHMC
35.2361	24.0947	NHMC
35.294	24.1897	NHMC
35.3828	24.0679	NHMC
35.3136	24.1997	NHMC
35.2972	24.171	NHMC
35.2921	24.1745	NHMC
35.3069	23.9362	NHMC
35.44873	24.19977	Bibliography
35.2361	25.15769	Bibliography
35.30847	25.372257	Bibliography
35.05068	24.87569	Bibliography
35.50201	23.58003	Bibliography
35.01073	26.09738	Bibliography
35.34245	25.15334	Bibliography
35.415776689	23.756232937	Bibliography
35.04828	25.78985	Bibliography
35.29863	25.16028	Bibliography
35.03469	25.94651	Bibliography
35.397514517	23.9433889680001	Bibliography
35.07556	26.04852	Bibliography
35.39843	25.02638	Bibliography
35.28324	25.46055	Bibliography
34.9957	24.75464	Bibliography
35.3094	25.56558	Bibliography
35.5841035650001	24.140488206	Bibliography
34.973569	24.800826	Bibliography
35.2051124760001	24.8411099520001	Bibliography
35.33333	23.9	Bibliography
35.23355	23.68379	Bibliography
35.1887564520001	24.3982502160001	Bibliography
35.36438	24.47116	Bibliography
35.56156	23.75498	Bibliography
35.20422	26.10509	Bibliography
35.5910177330001	24.089854152	Bibliography
35.08887	25.86161	Bibliography
35.04405	25.45532	Bibliography
35.300288	23.613535	Bibliography
35.3895	24.0722	NHMC
35.2993	24.16	NHMC
35.377	24.0797	NHMC
35.3074	23.9265	NHMC
35.5600158070001	24.1346152620001	Bibliography
35.229787	24.6667939	Bibliography
35.29192	24.17736	Bibliography
35.2637490810001	25.714057655	Bibliography
35.01554	25.74298	Bibliography
35.30960356	24.6289212780001	Bibliography
35.004688	25.584441	Bibliography
35.2476350320001	24.5713986320001	Bibliography
35.36464	25.02113	Bibliography
35.2911317520001	23.959246642	Bibliography
35.2508080270001	23.81266071	Bibliography
35.28955	25.43424	Bibliography
35.238209	24.164515	Bibliography
35.119585	24.811403	Bibliography
35.09259	25.54587	Bibliography
35.34622	24.20992	Bibliography
35.314844	24.296372	Bibliography
35.416178	23.757058	Bibliography
35.32749	23.74286	Bibliography
35.201769	24.136289	Bibliography
35.174912	24.416201	Bibliography
35.2166666666667	24.1666666666667	Bibliography
35.393755	24.886571	Bibliography
35.357283565	24.5004867660001	Bibliography
35.09916	24.69114	Bibliography
35.18854	24.73882	Bibliography
35.3039976860001	24.033403525	Bibliography
35.15565	24.78378	Bibliography
35.150194657	24.4662429640001	Bibliography
35.195026581	26.2755913120001	Bibliography
35.28197	25.18476	Bibliography
35.3076634810001	23.918715005	Bibliography
35.5738001870001	23.767605535	Bibliography
35.5199	23.9298	Bibliography
34.9663612430001	25.0837239470001	Bibliography
35.416348181	24.689265784	Bibliography
34.9284462850001	24.0035407820001	Bibliography
34.83582	24.08608	Bibliography
34.8303039690001	24.1111387180001	Bibliography
35.24943999	25.149508633	Bibliography
35.15777	25.46546	Bibliography
34.868590823	24.071540881	Bibliography
35.3186111111111	23.9127777777778	Bibliography
35.3219444444444	23.9294444444444	Bibliography
35.137778	25.481111	Bibliography
35.0877777777778	25.8827777777778	Bibliography
35.2884395720001	24.884103199	Bibliography
35.07681	25.65875	Bibliography
35.1829	25.4623	Bibliography
35.2359	25.149	NHMC
35.0452167	25.6438442999999	Bibliography
35.31073	24.84391	Bibliography
35.2298123	25.4425512	Bibliography
35.0595	24.95819	Bibliography
35.1533421720001	24.6323954760001	Bibliography
35.0804049	25.584941	Bibliography
35.089622137	25.700932537	Bibliography
35.368656	23.669718	Bibliography
35.4036793440001	23.98545848	Bibliography
35.2919077240001	23.645027611	Bibliography
35.205205758	25.6999740000001	Bibliography
35.1325639660001	24.9016842090001	Bibliography
35.1207	25.0199	NHMC
35.0833333333333	25.8666666666667	Bibliography
35.3558333333333	23.6391666666667	Bibliography
35.3711111111111	23.6319444444444	Bibliography
35.3213888888889	23.7591666666667	Bibliography
35.1169444444444	25.6319444444444	Bibliography
35.1833333333333	25.5166666666667	Bibliography
35.3227777777778	23.8925	Bibliography
35.2880555555556	24.7975	Bibliography
35.3011111111111	24.9130555555556	Bibliography
35.1455555555556	25.6413888888889	Bibliography
35.0927777777778	25.8780555555556	Bibliography
35.3983333333333	24.196111	Bibliography
35.1464509530001	25.5656417770001	Bibliography
35.179411584	25.502717096	Bibliography
35.21801	24.53546	Bibliography
35.328	23.837	Bibliography
35.177778000000004	26.05	Bibliography
35.153056	25.588889000000002	Bibliography
35.111111	25.625278	Bibliography
35.058611	25.946944	Bibliography
35.4125	23.65	Bibliography
35.4061111111111	23.6258333333333	Bibliography
35.3908333333333	23.9019444444444	Bibliography
35.3619444444444	23.8233333333333	Bibliography
35.3583333333333	23.8277777777778	Bibliography
35.4611111111111	23.8386111111111	Bibliography
35.3313888888889	23.7594444444444	Bibliography
35.3236111111111	23.6530555555556	Bibliography
35.2494444444444	24.2772222222222	Bibliography
35.4072222222222	23.8875	Bibliography
35.3980555555556	23.9105555555556	Bibliography
35.3936111111111	23.9188888888889	Bibliography
35.4027777777778	23.8980555555556	Bibliography
35.4033333333333	23.8494444444444	Bibliography
35.3758333333333	23.8236111111111	Bibliography
35.3630555555556	23.6733333333333	Bibliography
35.4144444444444	23.9872222222222	Bibliography
35.248574	24.887164	Bibliography
35.1333333333333	25.4833333333333	Bibliography
35.2666666666667	24.883333	Bibliography
35.3333333333333	23.6666666666667	Bibliography
35.35	24.7833333333333	Bibliography
35.1466666666667	25.5591666666667	Bibliography
35.1369444444444	25.5711111111111	Bibliography
35.0976893	26.2627688	Bibliography
35.10577	25.35416	Bibliography
35.163249130000104	25.4504282570001	Bibliography
35.4364212240001	23.939816513	Bibliography
35.26179	25.27852	Bibliography
35.2079651660001	24.8290107500001	Bibliography
35.2097	25.33762	Bibliography
35.0411	25.47138	Bibliography
35.2046549	25.6134534170001	Bibliography
35.224667697	25.4575356080001	Bibliography
35.23569	25.46697	Bibliography
35.242515817	25.5174997180001	Bibliography
35.20131	25.48211	Bibliography
35.079879	25.875619	Bibliography
35.2372222222222	24.2363888888889	Bibliography
35.3675	23.6686111111111	Bibliography
35.026866	25.565556	Bibliography
35.216508	25.050644	Bibliography
35.05354	25.40785	Bibliography
35.2263956950001	24.994133892	Bibliography
35.01298	25.67277	Bibliography
35.251949946	26.264609364	Bibliography
35.093056	25.876667	Bibliography
35.22343	24.07557	Bibliography
35.3	24.1644	NHMC
35.3523	23.9049	NHMC
35.31862	23.920407	NHMC
35.3004	24.1639	NHMC
35.3579	23.9152	NHMC
35.2953	24.145	NHMC
35.378	23.9922	NHMC
35.3212	23.8593	NHMC
35.3406	23.9083	NHMC
35.2892511530001	24.182588074	Bibliography
35.321206379	23.931713024	Bibliography
35.385417821	23.962566661	Bibliography
35.477	23.93	Bibliography
35.295	24.453	Bibliography
35.416	24.032	Bibliography
35.371	23.896	Bibliography
35.34695	24.97219	Bibliography
35.369	23.67	Bibliography
35.4296393550001	23.6854760260001	Bibliography
35.28904	23.78309	Bibliography
35.3812	24.113	NHMC
35.21634	24.71186	Bibliography
35.3774291390001	24.1908332350001	Bibliography
35.28369	23.63266	Bibliography
35.109125417	25.792799894	Bibliography
35.02879	24.76041	Bibliography
35.2881326940001	24.487134708	Bibliography
35.4905445370001	23.645454317	Bibliography
35.18505	25.43182	Bibliography
35.4947399340001	23.7336154920001	Bibliography
35.1436465940001	24.8813046290001	Bibliography
35.3379	23.8524	NHMC
35.3569	23.8635	NHMC
35.45	24.13333	Bibliography
35.33333	23.88333	Bibliography
35.461002	24.135966	Bibliography
35.229712	24.069452	Bibliography
35.285895	24.331305	Bibliography
35.146699	26.252759	Bibliography
35.326467	24.50677	Bibliography
35.438622	24.090339	Bibliography
35.202667	25.65597	Bibliography
35.217312	24.721535	Bibliography
35.381296	24.161747	Bibliography
35.212932	24.16716	Bibliography
35.229698	24.164256	Bibliography
35.219232	24.2329627	Bibliography
35.200252	24.465873	Bibliography
35.150529	25.624003	Bibliography
35.098696	26.255948	Bibliography
35.334168	24.695337	Bibliography
35.258702	24.571262	Bibliography
35.154444	24.472778	Bibliography
35.036801	25.592738	Bibliography
35.159411	25.932188	Bibliography
35.222126	26.21714	Bibliography
35.33654	25.695266	Bibliography
35.116869	24.561524	Bibliography
35.201839057	24.9964399670001	Bibliography
35.342594	24.871288	Bibliography
35.1215965420001	25.859912826	Bibliography
35.151362899	24.9158979740001	Bibliography
35.43436	23.91889	Bibliography
35.3166666666667	23.6	Bibliography
35.3272222222222	23.9505555555556	Bibliography
35.3291666666667	23.9522222222222	Bibliography
35.30703	23.608743	Bibliography
35.1	25.8833333333333	Bibliography
35.135556	25.483333	Bibliography
35.31666667	23.93333333	Bibliography
35.38196	24.95831	Bibliography
35.1705200000001	24.46556	Bibliography
35.271159	24.607724	Bibliography
35.1129916800001	26.2179749760001	Bibliography
35.2358333333333	25.4436111111111	Bibliography
35.315254	23.915321	Bibliography
35.3738888888889	23.8316666666667	Bibliography
35.1777777777778	26.05	Bibliography
35.316667	23.9	Bibliography
35.2333333333333	24.7833333333333	Bibliography
35.3249	23.8918	NHMC
35.2757	24.5815	NHMC
35.351	24.358	NHMC
35.0305	24.9953	NHMC
35.4028	23.9114	NHMC
35.2793	25.1648	NHMC
35.3365	24.3602	NHMC
35.475	23.9346	NHMC
35.197762	24.280067	Bibliography
35.419997	23.916775	Bibliography
35.3771441850001	23.731481912	Bibliography
35.409679	23.751626	Bibliography
35.361535	23.611891	Bibliography
35.320198	23.819738	Bibliography
35.3516666666667	24.7836111111111	Bibliography
35.53542	24.07697	Bibliography
35.1609	25.457024	Bibliography
35.208427274	24.828552646	Bibliography
35.1882	24.7595	Bibliography
34.9933	24.9458	Bibliography
35.0867	25.8329	Bibliography
35.0172	24.7619	Bibliography
35.1142	25.6765	Bibliography
34.9871	24.8657	Bibliography
35.2716	23.5407	Bibliography
35.2501	24.098	Bibliography
35.1551	25.4524	NHMC
35.2477	24.8875	NHMC
35.1108	25.3968	NHMC
35.2501	24.098	NHMC
35.2757	24.8939	NHMC
35.311	23.5317	NHMC
35.2716	23.5407	NHMC
35.211	24.1686	NHMC
35.25	24.1833333333333	Bibliography
35.205	24.8344444444444	Bibliography
35.3230555555556	23.8663888888889	Bibliography
35.0833333333333	25.5333333333333	Bibliography
35.0816666666667	25.8802777777778	Bibliography
35.3183333333333	23.9208333333333	Bibliography
35.319434	23.912824	Bibliography
35.3244444444444	23.885	Bibliography
35.321359	23.931579	Bibliography
35.1911531	24.465282	Bibliography
35.3384532	24.5035697	Bibliography
35.201344	24.311991	Bibliography
35.3010850750001	24.391516193	Bibliography
35.3110121020001	24.353559454	Bibliography
35.3508333333333	24.3177777777778	Bibliography
35.4358333333333	23.94	Bibliography
35.315583	24.35925	Bibliography
35.319833	24.326667	Bibliography
35.314533	24.374867	Bibliography
35.337533	24.503917	Bibliography
35.272367	24.579133	Bibliography
35.228369	24.643148	Bibliography
35.216603	24.690128	Bibliography
35.09445	24.852217	Bibliography
35.181696	25.512941	Bibliography
35.396179	23.853488	Bibliography
35.4186111111111	23.8483333333333	Bibliography
35.3625	23.8163888888889	Bibliography
35.4291666666667	23.6766666666667	Bibliography
35.3677777777778	23.6733333333333	Bibliography
35.3822222222222	23.7333333333333	Bibliography
35.3655555555556	23.6211111111111	Bibliography
35.3983333333333	23.9594444444444	Bibliography
35.219167	24.833611	Bibliography
35.357	23.9156	NHMC
35.2695	25.7441	NHMC
35.2181	24.0874	NHMC
35.1759	24.8045	NHMC
35.2446	24.1023	NHMC
35.3572	24.0944	NHMC
35.3544	23.9072	NHMC
35.5584	23.6061	NHMC
35.5729	23.5941	NHMC
35.1804	24.7823	NHMC
35.1699	24.9222	NHMC
35.3236	23.9306	NHMC
35.2915	24.1464	NHMC
35.5052	23.5771	NHMC
35.3323	23.8969	NHMC
35.2329	24.62894	Bibliography
35.068	25.4719	NHMC
35.1535	25.5859	NHMC
35.3247	23.8906	NHMC
35.1764	24.7778	NHMC
35.1752	24.7761	NHMC
35.068	25.4487	NHMC
35.2423	25.1146	Bibliography
35.2366666666667	23.6888888888889	Bibliography
34.959	25.0904	NHMC
35.1738	24.4664	NHMC
35.051	26.2403	NHMC
35.0491	26.2366	NHMC
34.9585	25.0891	NHMC
35.0692	24.9005	NHMC
35.2377	24.0852	NHMC
35.4797	23.575	NHMC
35.2746	23.8485	NHMC
34.9543	25.1022	NHMC
35.0972	25.5553	NHMC
35.2366	26.2274	NHMC
35.0723	25.4487	NHMC
35.0488	25.6976	NHMC
34.9377	24.7548	NHMC
35.1389	25.7137	NHMC
35.1904	24.7806	NHMC
35.3042	25.1486	NHMC
34.8024	24.121	NHMC
35.509	23.577	NHMC
35.2672	25.744	NHMC
35.1302	26.0649	NHMC
35.2371	25.4218	NHMC
34.9666	25.0834	NHMC
35.0766	24.9922	NHMC
35.0867	25.8329	NHMC
34.9852	25.0862	NHMC
35.3076	25.1525	NHMC
35.0129	25.1744	NHMC
35.0724	25.4508	NHMC
34.9375	25.0912	NHMC
35.3335	25.0481	NHMC
35.335	25.3309	NHMC
34.951	25.0924	NHMC
34.9948	25.1759	NHMC
35.3227	23.9313	NHMC
35.3344	25.0479	NHMC
35.2519	24.857	NHMC
34.9529	25.0924	NHMC
35.1107	25.4779	NHMC
35.0725	25.4491	NHMC
35.1336	25.4846	NHMC
35.3509	24.3483	NHMC
35.2848	25.1203	NHMC
35.4832	23.577	NHMC
35.3339	23.9682	NHMC
35.0499	26.2398	NHMC
35.3352	25.328	NHMC
34.848	24.0571	NHMC
34.8457	24.1054	NHMC
35.3939	24.0393	NHMC
35.3779	23.9922	NHMC
34.8375	24.0602	NHMC
35.3806	24.0433	NHMC
35.0172	24.7619	NHMC
35.0372	26.2048	NHMC
35.1979	25.0053	NHMC
34.8488	24.0874	NHMC
35.0431	25.7067	NHMC
34.9351	26.1403	NHMC
35.3979	24.0446	NHMC
35.3162	24.2096	NHMC
35.3271	25.0032	NHMC
34.8173	24.1068	NHMC
34.8422	24.0824	NHMC
34.8577	24.1076	NHMC
35.3112	25.5993	NHMC
35.0247	26.0669	NHMC
35.344	24.8742	NHMC
35.1829	25.4623	NHMC
35.3157	24.4615	NHMC
35.2937	24.1695	NHMC
35.3449	24.9991	NHMC
35.362	24.0808	NHMC
35.2565	23.823	NHMC
35.0127	24.8127	NHMC
35.3667	23.9143	NHMC
35.3093	24.3097	NHMC
35.1884	24.774	NHMC
34.9453	26.1412	NHMC
35.3501	24.9658	NHMC
35.2423	25.1146	NHMC
35.3326	23.974	NHMC
35.1824	25.5084	NHMC
34.9894	25.0857	NHMC
35.3247	23.9508	NHMC
35.286	24.332	NHMC
34.878	25.698	NHMC
35.2214	26.2148	NHMC
35.0977	26.2579	NHMC
35.3396	25.1299	NHMC
35.2828	24.586	NHMC
35.3181	25.1046	NHMC
35.2713	23.5468	NHMC
35.3391	25.0612	NHMC
34.8096	24.1152	NHMC
34.8443	24.088	NHMC
35.0491	25.6962	NHMC
35.2595	25.4285	NHMC
35.1716	24.9378	NHMC
35.254	24.1086	NHMC
35.2737	25.5631	NHMC
35.2548	26.2646	NHMC
35.263	25.4227	NHMC
35.3389	23.9853	NHMC
35.3598	24.0741	NHMC
35.3188	24.1942	NHMC
34.9599	25.0886	NHMC
35.1791	25.9151	NHMC
35.3385	25.0614	NHMC
35.0963	25.5424	NHMC
35.2126	25.599	NHMC
35.2342	25.4208	NHMC
35.3374	25.1543	NHMC
35.0182	24.7615	NHMC
35.3782266850001	23.85055213	Bibliography
35.282364	25.16503	Bibliography
35.234364	24.39944	Bibliography
35.2377	24.0852	Bibliography
35.33333	25.33333	Bibliography
35.03333	25.08333	Bibliography
35.5025	24.0025	Bibliography
35.084254	25.572981	Bibliography
34.847778	24.056944	Bibliography
35.150163	25.448379	Bibliography
35.055934	25.478012	Bibliography
35.188691	24.568537	Bibliography
35.107226	24.789813	Bibliography
35.31667	23.85	Bibliography
34.95	25.1	Bibliography
35.278909	24.583038	Bibliography
35.0972	25.5553	Bibliography
35.3779	23.9922	Bibliography
35.2105555555556	25.445	Bibliography
35.412174	23.643319	Bibliography
35.1486111111111	25.9241666666667	Bibliography
35.1158333333333	26.2194444444444	Bibliography
35.3155555555556	24.8186111111111	Bibliography
35.2444444444444	25.5175	Bibliography
35.0586111111111	25.9469444444444	Bibliography
35.1625	26.0405555555556	Bibliography
35.2452777777778	25.4261111111111	Bibliography
35.1094	25.8183	NHMC
35.2237	24.0331	NHMC
35.2338	24.018	NHMC
35.1674190270001	25.437658744	Bibliography
35.330588	25.208415	Bibliography
35.30111	24.45997	Bibliography
35.1112658660001	25.994809038	Bibliography
35.32804	25.20087	Bibliography
35.2125	25.531389	Bibliography
35.46852	23.80161	Bibliography
35.055	24.8086111111111	Bibliography
35.216667	25.533333	Bibliography
35.310744	24.609091	Bibliography
35.16551	25.45134	Bibliography
35.18797	25.619922	Bibliography
35.321571227	23.7468103640001	Bibliography
35.0941153910001	25.4733178610001	Bibliography
35.043601	25.475251	Bibliography
35.0793651	24.9816074	Bibliography
35.058333	24.752222	Bibliography
35.1915000000001	26.1494700000001	Bibliography
35.1875	24.7812	NHMC
35.1527	24.4736	NHMC
35.0798	25.5843	NHMC
35.3077	25.1528	NHMC
35.153	24.4726	NHMC
35.0929	25.59	NHMC
35.2919360650001	24.033388915	Bibliography
35.329605	23.980297	Bibliography
35.28333	24.058	Bibliography
35.211326	24.898225	Bibliography
35.2917	23.919	NHMC
35.2952	23.9083	NHMC
35.2953	24.0514	NHMC
35.2112	24.8975	NHMC
35.381	24.0337	NHMC
35.2687	24.0873	NHMC
35.3305	23.9812	NHMC
35.279	24.0541	NHMC
35.1999	24.7869	NHMC
35.2791	24.054	NHMC
35.3299	23.9803	NHMC
35.2785	24.0828	NHMC
35.2767	24.0545	NHMC
35.2102	24.7567	NHMC
35.5864338440001	23.5954894270001	Bibliography
35.6137	23.5809	NHMC
35.6642	23.7671	NHMC
35.5835	23.5953	NHMC
34.9304	24.0026	NHMC
34.9268	24.0042	NHMC
34.8552	24.0628	NHMC
34.8073	24.1193	NHMC
35.5737	23.599	NHMC
35.344127	26.18094	Bibliography
35.3275971	26.1728686999999	Bibliography
35.3758	26.1747	NHMC
35.50072	23.61461	Bibliography
35.232688685	24.4003297	Bibliography
35.0183813800001	25.333576915	Bibliography
34.9595528	24.8815650999999	Bibliography
35.46725	24.12565	Bibliography
35.113019535	25.903550377	Bibliography
35.52007	24.04618	Bibliography
35.1757917	26.0190059	Bibliography
35.34263	24.7682300000001	Bibliography
34.869146	25.70131188	Bibliography
35.32499	25.06566	Bibliography
35.13236	24.94995	Bibliography
35.2184199	25.2259917	Bibliography
35.20815	24.1699400000001	Bibliography
35.35571	24.5853900000001	Bibliography
35.13269	25.01946	Bibliography
34.876232	25.743902	Bibliography
34.9777657	24.8864003999999	Bibliography
35.2426562	24.6630162	Bibliography
35.07072	25.60288	Bibliography
35.22168	26.2160000000001	Bibliography
35.37026	24.7035	Bibliography
35.2863800000001	24.1811000000001	Bibliography
35.3587	24.57195	Bibliography
35.1788452	26.0958438999999	Bibliography
35.3200685	24.5308081	Bibliography
35.13791	25.0292	Bibliography
35.3829400000001	24.61956	Bibliography
35.0170569420001	24.802416356	Bibliography
35.074255	26.138758	Bibliography
35.336708414	25.083347067	Bibliography
35.3689076410001	24.6905259700001	Bibliography
35.19991	26.24979	Bibliography
35.286322	25.055895	Bibliography
35.32794	25.25826	Bibliography
35.0473098960001	24.8735372370001	Bibliography
35.3099881480001	23.536521137	Bibliography
35.01441	24.86901	Bibliography
35.012671	25.174356	Bibliography
35.2753	23.5369	Bibliography
35.4832	23.577	Bibliography
35.0499	26.2398	Bibliography
34.962086	25.090449	Bibliography
34.9543	25.1022	Bibliography
34.959	25.0904	Bibliography
34.951	25.0924	Bibliography
34.98333	25.08333	Bibliography
34.9834	25.2285	Bibliography
35.2422	24.7004	Bibliography
35.3093	24.7615	Bibliography
35.0138	25.3387	Bibliography
35.1761	24.6628	Bibliography
35.0431	25.7067	Bibliography
35.1716	24.9378	Bibliography
35.1091	25.8243	Bibliography
35.3269	24.279	Bibliography
35.1446	24.8836	Bibliography
35.0345	25.5833	Bibliography
35.0723	25.4487	Bibliography
35.0766	24.9922	Bibliography
35.0997	25.7032	Bibliography
34.9425	24.8286	Bibliography
35.1271	24.7305	Bibliography
35.1307	24.6262	Bibliography
35.2869	24.7473	Bibliography
35.1416	24.9107	Bibliography
35.4748	23.934	Bibliography
35.5729	23.5941	Bibliography
35.5584	23.6061	Bibliography
35.157	24.4661	Bibliography
35.2329	26.221	Bibliography
35.050342	26.197531	Bibliography
35.1107	25.4779	Bibliography
35.1292	25.4779	Bibliography
35.2106	24.7568	Bibliography
35.189567	24.80155	Bibliography
35.2687	24.0873	Bibliography
35.0641	24.75	NHMC
35.3028	25.1465	NHMC
35.2243	25.1445	Bibliography
34.9473	26.1262	NHMC
35.1193	26.2025	NHMC
35.3213	25.1574	NHMC
34.9195	26.1311	NHMC
35.08	25.8755	NHMC
35.2643	26.2638	NHMC
34.9308	24.9243	NHMC
35.3769	24.9625	NHMC
35.2686	24.0862	NHMC
35.0136	26.1303	NHMC
35.2867	25.0513	NHMC
35.2302	25.1408	NHMC
35.3321	24.2804	NHMC
35.0093	24.8667	NHMC
35.3391	25.1528	NHMC
35.3317	25.2639	NHMC
35.2958	25.2039	NHMC
35.2192	25.1453	NHMC
34.9534	26.1281	NHMC
35.164	25.4507	NHMC
35.5009	23.5787	NHMC
35.3598	24.099	NHMC
34.9889	25.2231	NHMC
35.2545	26.2642	NHMC
35.4023	24.8382	NHMC
35.1898	25.7164	NHMC
34.8761	25.7439	NHMC
35.2897	26.2908	NHMC
35.2308	25.4319	NHMC
35.2659	25.7433	NHMC
35.3441	26.1797	NHMC
35.3769	26.1743	NHMC
35.3273	26.1797	NHMC
35.3584	26.1784	NHMC
35.5053	23.563	NHMC
35.144141	25.02092	Bibliography
35.19046	25.22583	Bibliography
35.23159	24.98449	Bibliography
35.05789	25.20914	Bibliography
35.1062600000001	24.91204	Bibliography
35.01723	24.78017	Bibliography
35.281211	25.163863	Bibliography
35.3298576540001	25.333579065	Bibliography
35.0333	25.29109	Bibliography
35.444369012	25.1940715160001	Bibliography
35.2509	24.6322	Bibliography
34.9377	24.7548	Bibliography
35.1629	24.9313	Bibliography
35.2262	25.1498	NHMC
35.2187	25.1453	Bibliography
35.2543	25.1445	NHMC
35.2285	25.1456	Bibliography
35.3114	25.1422	NHMC
35.2117	24.8714	NHMC
35.3122	25.1423	NHMC
35.2171	25.1456	Bibliography
35.2263	25.1443	NHMC
35.2418	25.1148	Bibliography
35.0443	24.841	NHMC
35.2982	25.3441	NHMC
35.0324	25.288	NHMC
35.1446	24.8836	NHMC
34.9834	25.2285	NHMC
35.2045	24.8904	NHMC
35.1271	24.7305	NHMC
35.1761	24.6628	NHMC
35.1091	25.8243	NHMC
35.2401	24.7821	NHMC
35.2157	24.8743	NHMC
35.1461	25.5662	NHMC
35.2629	24.871	NHMC
35.0997	25.7032	NHMC
35.1619	24.4746	NHMC
35.361845486	23.6344553340001	Bibliography
35.1232	25.4764	NHMC
35.1074	25.5547	NHMC
35.334	25.3337	NHMC
35.3105	23.8482	NHMC
35.3737	24.0365	NHMC
35.3614	23.6361	NHMC
35.3237	23.9372	NHMC
35.2057	24.8065	NHMC
35.1229	26.0718	NHMC
35.1256	25.8746	NHMC
35.217	24.0868	NHMC
35.646	23.5771	NHMC
35.6028	25.5769	NHMC
35.512	24.01229	Bibliography
35.239803	23.928558	Bibliography
35.5107	23.57	NHMC
35.4152	24.8266	NHMC
35.3546	23.9972	NHMC
35.2677	24.0857	NHMC
35.3428	23.8976	NHMC
35.2829	23.9592	NHMC
35.5778	23.5858	NHMC
35.2947	24.1551	NHMC
35.3092	23.918	NHMC
35.5802	23.5886	NHMC
35.2404	23.9286	NHMC
35.3216	24.3251	NHMC
35.2409	24.1057	NHMC
35.3611	24.0753	NHMC
35.249	24.1233	NHMC
35.2352	24.1019	NHMC
35.1461	25.5552	NHMC
35.1132	25.4758	NHMC
35.2019	24.8449	NHMC
35.1226	25.4784	NHMC
35.2114	24.8969	NHMC
35.1463	25.4811	NHMC
34.9383219370001	26.1362094520001	Bibliography
35.1092697	25.8051977	Bibliography
35.115767561	26.219342473	Bibliography
34.938592	25.085672	Bibliography
35.2741	26.3405	NHMC
35.4469	25.2004	NHMC
34.943600000000004	26.1392	NHMC
35.1981	25.7312	NHMC
35.0971	26.2574	NHMC
35.2213	26.2173	NHMC
35.0238	26.0678	NHMC
35.435	25.2751	NHMC
35.1896	25.861	NHMC
35.0845	25.8372	NHMC
35.4402	25.2243	NHMC
34.9581	26.1323	NHMC
35.2003	25.73	NHMC
34.8712	25.702	NHMC
35.4462	25.1949	NHMC
35.269854	24.08701	Bibliography
35.2885	24.0742	NHMC
35.2906	24.0731	NHMC
35.224145	25.176152	Bibliography
35.238723	25.144379	Bibliography
35.304711	25.297715	Bibliography
35.19815	25.4934	Bibliography
35.3082534700001	25.5780130790001	Bibliography
35.145852113	25.4799399770001	Bibliography
35.2753	25.7078	NHMC
35.1272	25.6463	NHMC
35.3047	25.2976	NHMC
35.1926	24.7406	Bibliography
35.3395	25.0562	NHMC
35.361535	24.196345	Bibliography
35.3833333333333	24.8333333333333	Bibliography
35.2383333333333	24.2622222222222	Bibliography
35.3491666666667	23.9080555555556	Bibliography
35.2333333333333	24.8833333333333	Bibliography
35.2333333333333	24.8166666666667	Bibliography
35.2718562260001	23.5415282010001	Bibliography
35.3764828990001	24.7389865580001	Bibliography
35.4	23.95	Bibliography
35.48635	23.76214	Bibliography
35.2984272680001	24.838920398	Bibliography
35.4107255690001	23.681900806	Bibliography
35.1978563170001	25.4940736250001	Bibliography
35.3450351	24.9991079999999	Bibliography
35.51718	23.90673	Bibliography
35.115	26.2116666666667	Bibliography
35.048333	26.197222	Bibliography
35.009722	26.129167	Bibliography
35.027778	26.013611	Bibliography
35.1	26.233333	Bibliography
35.086389	26.265278	Bibliography
35.096	26.2608	Bibliography
35.095733	26.254184	Bibliography
35.101547	26.260898	Bibliography
35.179167	26.242778	Bibliography
35.241472	26.236111	Bibliography
35.0387	26.2159	Bibliography
35.0558	26.2434	NHMC
35.044138	25.425278	Bibliography
35.266667	24.866667	Bibliography
35.1184379960001	25.5003288400001	Bibliography
35.135044	25.474739	Bibliography
35.125592	25.475058	Bibliography
35.049008	25.790983	Bibliography
35.166667	24.75	Bibliography
34.964806	24.956917	Bibliography
35.338778	25.010417	Bibliography
34.964722	25.163056	Bibliography
35.158611	24.612222	Bibliography
35.2	24.816667	Bibliography
35.190489	24.841278	Bibliography
35.1904	24.7817	Bibliography
35.194444	24.790277	Bibliography
35.201665	24.766256	Bibliography
35.180556	24.813889	Bibliography
35.225678	24.816667	Bibliography
35.39184	24.61164	Bibliography
35.025864	25.266551	Bibliography
34.9997	25.3728	NHMC
35.1085	24.8724	NHMC
35.233353	23.963943	Bibliography
35.3524	23.905	NHMC
35.20698	24.835579	Bibliography
35.225731	24.829316	Bibliography
35.236568	24.768438	Bibliography
35.188633	24.814497	Bibliography
35.1924	24.7861	NHMC
35.176442	24.811222	Bibliography
35.200833	24.221111	Bibliography
35.191667	24.293056	Bibliography
35.1976401	24.2800408	Bibliography
35.201944	24.162222	Bibliography
35.439707	24.257171	Bibliography
35.391411	24.155634	Bibliography
35.471611	23.987288	Bibliography
35.35	24.385	Bibliography
35.359323	24.391381	Bibliography
35.190278	24.344444	Bibliography
35.194444	24.436944	Bibliography
35.314004	24.535934	Bibliography
35.422554	24.124048	Bibliography
35.1969	24.2597	Bibliography
35.552467	24.176931	Bibliography
35.1214	24.6152	NHMC
35.3119	24.4186	NHMC
35.2936	24.4503	NHMC
35.2983	24.4383	NHMC
34.84991	24.121712	Bibliography
34.846225	24.0844784999999	Bibliography
34.8579	24.0619	NHMC
35.326646	23.8388	Bibliography
35.254722	23.735833	Bibliography
35.255925	23.737376	Bibliography
35.322094	23.685799	Bibliography
35.285645	23.588774	Bibliography
35.367374	23.637676	Bibliography
35.233333	24.15	Bibliography
35.282516	23.778568	Bibliography
35.449055	23.787153	Bibliography
35.557175	23.77529	Bibliography
35.56	23.777	Bibliography
35.38333	23.916667	Bibliography
35.32223	23.928696	Bibliography
35.32222	23.93056	Bibliography
35.3327107	23.927917	Bibliography
35.280455	23.894174	Bibliography
35.298018	23.910633	Bibliography
35.300617	23.909043	Bibliography
35.263004	23.814722	Bibliography
35.3691	23.6244	Bibliography
35.390335	23.605317	Bibliography
35.3439423	23.9045535	Bibliography
35.333333	23.9	Bibliography
35.34089	23.901935	Bibliography
35.34208	23.888726	Bibliography
35.3068	23.9116	Bibliography
35.351833	23.694208	Bibliography
35.561389	23.758611	Bibliography
35.581194000000004	23.752556	Bibliography
35.289981	23.674417	Bibliography
35.4407	23.5704	Bibliography
35.299652	23.751684	Bibliography
35.1518	24.4725	NHMC
35.048901	25.85361	Bibliography
35.046159	25.654607	Bibliography
35.04451	25.644626	Bibliography
35.18678	25.969273	Bibliography
35.035807	25.930987	Bibliography
35.0802	25.606918	Bibliography
35.068153	25.605771	Bibliography
35.1067	25.6925	NHMC
35.1535	25.5858	NHMC
35.305663	24.175005	Bibliography
35.11722222	25.9469444444444	Bibliography
35.116	25.7241	NHMC
35.1023	25.7106	NHMC
35.119	25.4817	NHMC
35.0971	26.2576	NHMC
35.255	26.2641	NHMC
35.2703	25.7186	NHMC
35.0924	25.8946	NHMC
35.0555	25.7899	NHMC
35.1947	25.439	NHMC
35.1947	25.4407	NHMC
35.1137	25.7263	NHMC
35.0826	25.8807	NHMC
35.2557	26.2611	NHMC
35.1371	25.8974	NHMC
34.8331	24.085	NHMC
34.8094	24.1175	NHMC
35.4088	24.9899	NHMC
35.2737	23.9622	NHMC
35.2199	25.6495	NHMC
35.1897	25.7088	NHMC
34.9396	25.0866	NHMC
35.2442	24.9901	NHMC
35.5176	24.0488	NHMC
35.3363	24.2746	NHMC
35.3265	24.2772	NHMC
35.3266	23.8691	NHMC
35.3439	24.9954	NHMC
35.5804	23.6016	NHMC
35.2477	24.0298	NHMC
35.4185	23.6865	NHMC
35.4682	23.7984	NHMC
35.2951	24.0518	NHMC
35.5145	23.7795	Bibliography
35.3456	23.6276	NHMC
35.5185	24.0384	NHMC
35.4074	23.5822	NHMC
35.3395	23.8337	NHMC
35.361	23.9949	NHMC
35.2037	24.0642	NHMC
35.3658	23.6332	NHMC
35.2906	24.0562	NHMC
35.2501	24.002	NHMC
35.2414	23.8724	NHMC
35.4553	24.1936	NHMC
35.241	23.8724	NHMC
35.2927	24.1481	NHMC
35.2088	24.2332	NHMC
35.4817	23.5635	NHMC
35.3257	23.9316	NHMC
35.4674	23.8059	NHMC
35.4887	24.1507	NHMC
35.2512	25.1684	NHMC
35.0735	25.4558	NHMC
35.2991	25.1482	NHMC
35.0072	24.9329	NHMC
35.1061	25.4087	NHMC
35.2095	25.2201	NHMC
35.1304	24.9497	NHMC
35.2138	24.9242	NHMC
35.0114	24.603	NHMC
35.2699	25.1366	NHMC
35.3075	25.1521	NHMC
35.1924	24.7781	NHMC
35.3508	24.8905	NHMC
35.2731	26.3345	NHMC
35.1912	24.8093	NHMC
35.2387	24.4003	NHMC
35.3318	26.1859	NHMC
35.1799	24.277	NHMC
35.2831	25.1864	NHMC
34.9664	24.86	NHMC
35.2807	25.3586	NHMC
35.1318	25.2152	NHMC
35.0242	26.1466	NHMC
35.0829	25.8768	NHMC
35.1461	25.5577	NHMC
35.2103	25.5302	NHMC
35.296	26.2961	NHMC
35.0508	25.8418	NHMC
35.2067	26.2988	NHMC
35.1135	25.4808	NHMC
35.1939	24.999	NHMC
35.1958	25.0004	NHMC
35.252	25.499	NHMC
35.0345	25.5833	NHMC
35.1272	24.6513	NHMC
35.3362	24.5046	NHMC
35.2125	24.5367	NHMC
35.328	24.5077	NHMC
35.2879	24.335	NHMC
35.1611	25.457	NHMC
35.3122	25.5693	NHMC
35.3432	24.8674	NHMC
35.2011	24.4766	NHMC
35.2199	24.5433	NHMC
35.2542	24.5703	NHMC
35.2478	24.5804	NHMC
35.3101	24.6267	NHMC
35.3483	24.4481	NHMC
35.4477	25.2208	NHMC
35.3044	25.2981	NHMC
35.3435	24.733	NHMC
35.3225	24.619	NHMC
35.194	24.4655	NHMC
35.2862	24.3512	NHMC
35.3166666666667	23.85	Bibliography
35.359734	23.91594	Bibliography
35.357024	23.922297	Bibliography
35.3	23.916667	Bibliography
35.2433333333333	24.1638888888889	Bibliography
35.2541666666667	24.1911111111111	Bibliography
35.263611	24.176111	Bibliography
35.25	24.8666666666667	Bibliography
35.2561111111111	24.8844444444444	Bibliography
35.3666666666667	23.8333333333333	Bibliography
35.2	24.8833333333333	Bibliography
35.2	24.833333	Bibliography
35.3363888888889	24.795	Bibliography
35.18333	24.833333	Bibliography
35.3238888888889	24.6480555555556	Bibliography
35.2975	24.6355555555556	Bibliography
35.15	25.55	Bibliography
35.1333333333333	25.5833333333333	Bibliography
35.22	25.6033333333333	Bibliography
35.1111111111111	25.6252777777778	Bibliography
35.15	25.583332	Bibliography
35.2333333333333	24.8	Bibliography
35.235833	24.783334	Bibliography
35.236348	24.781912	Bibliography
35.081926	25.884187	Bibliography
35.0922222222222	25.8825	Bibliography
35.2302054360001	23.9607598320001	Bibliography
35.345098	24.971353	Bibliography
35.2753	23.5369	NHMC
35.1	25.2707	NHMC
35.5382	24.1947	NHMC
35.2121	25.4238	NHMC
35.5429	24.1899	NHMC
35.2201	25.1444	NHMC
35.2697	23.532	NHMC
35.2393	25.1319	NHMC
35.2509	24.6322	NHMC
35.4462	24.209	NHMC
35.2506	23.8087	NHMC
35.2191	25.1436	NHMC
35.2916	24.1464	NHMC
35.410726798	23.681888981	Bibliography
35.31261	24.30936	Bibliography
35.31667	24.2	Bibliography
35.590323	24.102463	Bibliography
35.47214	23.93033	Bibliography
35.35497	23.69053	Bibliography
35.0683389450001	25.458375296	Bibliography
35.18333	24.23333	Bibliography
35.12471	25.73664	Bibliography
34.9994170580001	25.381852951	Bibliography
35.137942352	25.660488238	Bibliography
35.152682429	25.925515902	Bibliography
35.3960029460001	24.2327576230001	Bibliography
35.254653799	24.634258469	Bibliography
35.3257281040001	24.760357583	Bibliography
35.1416543030001	25.4824697930001	Bibliography
35.40272	24.74887	Bibliography
35.24769	24.25608	Bibliography
35.51374	23.60833	Bibliography
35.53505	24.11643	Bibliography
34.9308833640001	24.768802738	Bibliography
35.077705112	24.908382805	Bibliography
35.12187	24.61464	Bibliography
35.36482	24.875956	Bibliography
35.307815	23.897291	Bibliography
35.1934	24.7935	NHMC
35.3399381450001	24.489709953	Bibliography
35.2518417860001	23.7197793770001	Bibliography
35.3185463670001	23.6495436930001	Bibliography
35.40627	24.78331	Bibliography
35.27608	23.66893	Bibliography
35.30892	25.36418	Bibliography
35.25619	25.38643	Bibliography
35.35221	24.36223	Bibliography
35.29105	24.33796	Bibliography
35.366635	24.26069	Bibliography
35.26988	24.17425	Bibliography
35.325	23.891	Bibliography
35.1905555555556	26.1480555555556	Bibliography
35.1958333333333	24.2886111111111	Bibliography
35.1983333333333	24.4263888888889	Bibliography
35.1747222222222	24.4136111111111	Bibliography
35.0141666666667	25.0605555555556	Bibliography
35.4855555555556	23.6888888888889	Bibliography
35.3886111111111	23.5733333333333	Bibliography
35.2052777777778	24.3469444444444	Bibliography
35.325123	24.32322	Bibliography
35.2386111111111	23.6433333333333	Bibliography
35.351345	24.357792	Bibliography
35.0561111111111	26.0172222222222	Bibliography
35.0072222222222	25.1511111111111	Bibliography
35.049178	25.859711	Bibliography
35.38377	24.890583	Bibliography
35.22025	24.51999	Bibliography
35.329287	24.335863	Bibliography
35.015812286	25.8414322570001	Bibliography
35.457363	24.150462	Bibliography
35.0945	25.562205	Bibliography
35.039212	25.57432	Bibliography
35.322461	23.626832	Bibliography
35.256093	24.594114	Bibliography
35.010499112	25.1530193040001	Bibliography
35.304127	23.67806	Bibliography
35.403949482	23.6824564120001	Bibliography
35.292787515	23.7521935010001	Bibliography
35.2865	25.6781	NHMC
35.2312	25.4654	NHMC
35.2498	24.1063	NHMC
35.2494	24.8853	NHMC
35.4518	24.2101	NHMC
35.5843	23.5961	NHMC
35.4164	24.7771	NHMC
35.4042	24.7779	NHMC
35.5197	23.6124	NHMC
35.2519	24.9437	NHMC
35.40726	25.0122	Bibliography
35.27915	24.4817	Bibliography
35.31093	25.31345	Bibliography
35.25999	25.00944	Bibliography
35.36695	25.03837	Bibliography
35.17651	26.09345	Bibliography
34.957115	25.100617	Bibliography
35.1534	24.4732	NHMC
35.0151	25.8416	NHMC
35.245278	25.426111	Bibliography
35.2688888888889	24.2819444444444	Bibliography
35.3966666666667	23.8944444444444	Bibliography
35.3636111111111	23.6383333333333	Bibliography
35.2902777777778	24.1777777777778	Bibliography
35.33469	25.05441	Bibliography
35.287859	24.414824	Bibliography
35.151742	24.455888	Bibliography
35.323157	23.719360000000002	Bibliography
35.174717	25.990848	Bibliography
35.20701	25.6134	Bibliography
35.30584	23.7	Bibliography
35.1333333333333	25.5666666666667	Bibliography
35.2	25.5166666666667	Bibliography
35.15	25.4833333333333	Bibliography
35.1663888888889	25.4908333333333	Bibliography
35.310635	24.843159	Bibliography
35.1497222222222	25.5758333333333	Bibliography
35.15	25.8833333333333	Bibliography
35.1644444444444	24.926667	Bibliography
35.1583333333333	24.936389	Bibliography
35.225377	24.759327	Bibliography
35.283333	24.466667	Bibliography
35.027015	26.007519	Bibliography
35.1608333333333	25.9766666666667	Bibliography
35.0320923530001	25.6958490700001	Bibliography
35.079407901	24.993286681	Bibliography
35.127272954	24.7361817120001	Bibliography
35.202778	24.89	Bibliography
35.266389	24.899167	Bibliography
35.215556	24.831111	Bibliography
35.1	25.4833333333333	Bibliography
35.1166666666667	25.4833333333333	Bibliography
35.1386111111111	25.56	Bibliography
35.183333	24.6	NHMC
35.226311	24.7801	Bibliography
35.3306	25.2312	NHMC
35.318600000000004	25.0951	NHMC
35.2979	25.0864	NHMC
35.3485	24.8386	NHMC
35.3483	24.8374	NHMC
35.2334	25.1411	NHMC
35.1292	24.8247	NHMC
35.3666666666667	23.9166666666667	Bibliography
35.3166666666667	23.8833333333333	Bibliography
35.0478771640001	25.5776596800001	Bibliography
35.028929	24.925415	Bibliography
35.1885	24.55361	Bibliography
35.349097328	23.90773806	Bibliography
35.3452	24.1899	NHMC
35.4451	24.1393	NHMC
35.3928	24.0961	NHMC
35.3432	24.1818	NHMC
35.3388	23.8871	NHMC
35.327293	24.510474	Bibliography
35.048274	25.578216	Bibliography
35.16514	26.05564	Bibliography
35.16644	25.48284	Bibliography
35.09589	25.38554	Bibliography
35.187896575	25.662663546	Bibliography
35.3475791320001	24.451606542	Bibliography
35.32747	24.73033	Bibliography
35.3273122200001	25.333510587	Bibliography
35.55009	24.08442	Bibliography
35.19955	25.46959	Bibliography
35.17857	24.44353	Bibliography
35.263420000000004	25.42305	Bibliography
35.2268327560001	24.668059763	Bibliography
35.418955576	23.849878355	Bibliography
35.3503323910001	23.5861173110001	Bibliography
35.3754151360001	23.8525400230001	Bibliography
35.28461	25.54125	Bibliography
35.42025	23.56964	Bibliography
35.48789	24.0606	Bibliography
35.513921	23.77941	Bibliography
35.07954	25.94258	Bibliography
35.31287	23.75362	Bibliography
35.31653	25.73315	Bibliography
35.132366747	26.170882197	Bibliography
35.589972661	24.1461113280001	Bibliography
35.358715391	23.5948865460001	Bibliography
35.4	23.5833333333333	Bibliography
35.35	23.6333333333333	Bibliography
35.4280555555556	23.9461111111111	Bibliography
35.2833333333333	23.7833333333333	Bibliography
35.4	23.8666666666667	Bibliography
35.436873	23.843587	Bibliography
35.3216666666667	23.9138888888889	Bibliography
35.3833333333333	23.85	Bibliography
35.3797222222222	23.8458333333333	Bibliography
35.0775	25.8380555555556	Bibliography
35.3333333333333	23.7333333333333	Bibliography
35.140205	25.716093	Bibliography
35.283228	23.699973	Bibliography
35.33333333	23.73333333	Bibliography
35.203487	24.634178	Bibliography
35.417	23.95	Bibliography
35.25	24.416667	Bibliography
35.157502	24.892427	Bibliography
35.163441	24.893209	Bibliography
35.49984	23.97724	Bibliography
35.127285	26.206745	Bibliography
35.327064	23.83887	Bibliography
35.475573	23.93077	Bibliography
35.23333	24.4	Bibliography
35.286907	24.177669	Bibliography
34.95	25.08333	Bibliography
35.219698	24.113288	Bibliography
34.987406	25.203124	Bibliography
35.201865	24.476787	Bibliography
34.807219	24.119167	Bibliography
35.20767	24.607254	Bibliography
35.558333	23.605833	Bibliography
35.352872	23.739737	Bibliography
35.515111	23.981601	Bibliography
35.41666	24.25	Bibliography
35.185235	24.561417	Bibliography
35.394381	23.671569	Bibliography
35.505903000000004	24.006488	Bibliography
34.93333	24.93333	Bibliography
35.139917	25.482307	Bibliography
35.1884	24.774	Bibliography
35.171118	25.365053	Bibliography
35.180628	25.512969	Bibliography
35.3	25.58333	Bibliography
35.41667	24.13333	Bibliography
35.296218	24.48784	Bibliography
35.130366	26.064404	Bibliography
35.221979	25.445896	Bibliography
35.218811	25.456392	Bibliography
35.280999	24.388902	Bibliography
35.16334	26.113717	Bibliography
35.412671	23.964043	Bibliography
35.289908	25.008126	Bibliography
35.258737000000004	24.35559	Bibliography
35.262293	24.334304	Bibliography
35.38333	24.16667	Bibliography
35.139728	24.910232	Bibliography
35.072241	26.14512	Bibliography
35.2566666666667	25.5344444444444	Bibliography
35.3	23.75	Bibliography
35.266389	24.899155	Bibliography
35.2166666666667	24.85	Bibliography
35.22222222	24.828333	Bibliography
35.25	24.2333333333333	Bibliography
35.3333333333333	23.85	Bibliography
35.3427777777778	23.8275	Bibliography
35.1558333333333	24.4816666666667	Bibliography
35.4036111111111	23.5880555555556	Bibliography
35.3944444444444	23.8563888888889	Bibliography
35.1730555555555	24.695	Bibliography
35.3772222222222	24.5627777777778	Bibliography
35.3852777777778	24.5966666666667	Bibliography
35.5255555555556	23.825	Bibliography
34.9847222222222	25.2852777777778	Bibliography
35.1977777777778	24.6441666666667	Bibliography
35.17	24.6758333333333	Bibliography
35.30696	24.5874	Bibliography
35.2087100000001	25.09966	Bibliography
35.198038	24.830396	Bibliography
35.2076	24.624	Bibliography
35.3387352	25.1442125999999	Bibliography
35.5607446	24.1351446999999	Bibliography
35.0801557	25.9138559	Bibliography
35.2086503	26.1052329	Bibliography
35.077862	25.865651	Bibliography
35.28995	25.70646	Bibliography
35.0892	25.8668	NHMC
35.183976	24.400126	Bibliography
35.2516666666667	24.1695	Bibliography
35.15843	24.4746	Bibliography
35.3146792200001	24.296396407	Bibliography
35.129444	26.054083	Bibliography
35.325946	25.585879	Bibliography
35.3227123	25.0254224999999	Bibliography
35.2398655120001	25.221418283	Bibliography
35.4099	24.983	NHMC
35.1373	25.8364	NHMC
35.3368	24.9642	NHMC
35.3335	25.0487	NHMC
35.0416666666667	25.1544444444444	Bibliography
35.249722	24.884722	Bibliography
35.0880555555556	25.865	Bibliography
35.25519	24.62798	Bibliography
35.288	24.191	Bibliography
35.30549	24.807236	Bibliography
35.46667	24.11667	Bibliography
35.12665	24.65229	Bibliography
35.16741	25.94694	Bibliography
35.25389	25.60972	Bibliography
35.1776674	26.0392781	Bibliography
35.4206	23.9881	NHMC
35.5216	23.6104	NHMC
35.15285	24.47105	Bibliography
35.1518	24.4725	Bibliography
35.3873333333333	24.0698333333333	Bibliography
35.13333	25	Bibliography
35.16667	24.58333	Bibliography
35.2561507	24.6483166	Bibliography
35.0720235640001	25.1784890970001	Bibliography
35.36645916	24.5294951330001	Bibliography
35.2307	24.0191	NHMC
35.3923	24.1248	NHMC
35.0149	24.7607	Bibliography
35.32626	25.2774	Bibliography
35.0321	24.8323	NHMC
35.1279784710001	25.7296744560001	Bibliography
35.1538	24.4733	Bibliography
35.0175	24.7602	NHMC
35.3347	25.0544	NHMC
35.29866	23.67821	Bibliography
35.205	24.154	Bibliography
35.272171	26.3397033999999	Bibliography
35.322	24.66	Bibliography
35.051355	24.813698	Bibliography
35.2984804	25.1595555	Bibliography
35.153465	24.454227	Bibliography
35.307768	23.91831	Bibliography
35.191	24.812	Bibliography
35.369	24.61	Bibliography
35.3642745	24.4819903999999	Bibliography
35.018010308	25.852280566	Bibliography
35.2533542690001	24.3025551470001	Bibliography
35.00723	25.6164	Bibliography
35.289670986	24.5176912640001	Bibliography
35.3437	23.8538	NHMC
35.2312	23.9136	NHMC
35.2642	24.469	NHMC
35.182262	25.427852	Bibliography
35.436023	23.854827	Bibliography
35.469688	23.726092	Bibliography
35.15	25.65	Bibliography
35.1833333333333	25.5147222222222	Bibliography
35.2166666666667	24.8833333333333	Bibliography
35.2833333333333	24.4666666666667	Bibliography
35.2922222222222	24.156944	Bibliography
35.1486111111111	25.6383333333333	Bibliography
35.18988	25.029419999999998	Bibliography
35.4094	23.92902	Bibliography
35.513125	24.004555	Bibliography
35.4247222222222	23.9216666666667	Bibliography
35.1372222222222	25.5736111111111	Bibliography
35.2	24.466667	Bibliography
34.8406	24.1029	NHMC
34.8674	24.0729	NHMC
34.99326	25.22564	Bibliography
35.35419	24.92346	Bibliography
35.692259	23.737584	Bibliography
35.017021932	24.7616827210001	Bibliography
35.5047	24.1738	NHMC
35.5851	24.1399	NHMC
35.3552	23.9962	NHMC
35.1419141	26.0816345	Bibliography
35.181716	24.23154	Bibliography
35.475416	24.035922	Bibliography
35.470198758	23.6005421690001	Bibliography
35.5895428110001	24.146398725	Bibliography
35.560686	24.16493	Bibliography
35.2921336470001	24.146715973	Bibliography
35.4945873	23.6537458999999	Bibliography
35.254349	25.471382	Bibliography
35.28816	24.97817	Bibliography
35.0729318	24.7686206999999	Bibliography
35.04686	25.4888	Bibliography
35.16378	25.71268	Bibliography
35.1933351	25.3776831999999	Bibliography
35.3092	23.9178	NHMC
35.1935	24.2146	NHMC
35.5357	23.9299	NHMC
35.3109	23.8501	NHMC
35.131100000000004	24.9829	NHMC
35.3064	23.9362	NHMC
35.2859	23.823	NHMC
35.3577	23.9151	NHMC
35.2179	24.0853	NHMC
35.2388	24.0869	NHMC
35.2414	25.1456	NHMC
35.0149	26.1992	NHMC
35.0149	24.7607	NHMC
35.0161	24.7613	NHMC
35.334	25.0488	NHMC
34.9797	25.2408	NHMC
34.9405	26.139	NHMC
34.8433	24.0995	NHMC
35.0575	25.1277	NHMC
35.0109	24.9521	NHMC
35.334	25.0585	NHMC
35.3396	25.0609	NHMC
34.9631	25.0943	NHMC
35.1599	25.0232	NHMC
34.9317	24.9108	NHMC
34.9941	25.4542	NHMC
34.9879	25.2906	NHMC
35.2391	25.1443	NHMC
35.2006	26.2917	NHMC
35.1273	25.4778	NHMC
35.0438	25.7027	NHMC
35.2648	25.7604	NHMC
35.335	25.6987	NHMC
35.2217	25.4673	NHMC
35.203	25.4593	NHMC
34.8492	24.1156	NHMC
35.2481	24.8894	NHMC
35.3211	24.6886	NHMC
35.4535	25.2194	NHMC
35.446	25.1938	NHMC
34.8351	24.0844	NHMC
35.2072	24.8395	NHMC
35.2731	26.3396	NHMC
35.0333333333333	25.7	Bibliography
35.32924	24.28246	Bibliography
35.4166666666667	23.75	Bibliography
35.2155555555556	25.5975	Bibliography
35.1613888888889	25.6391666666667	Bibliography
35.1372222222222	25.8980555555556	Bibliography
35.203361	24.467167	Bibliography
35.166528	25.524417	Bibliography
35.1327777777778	25.5758333333333	Bibliography
35.1536111111111	24.4780555555556	Bibliography
35.0619444444444	24.9461111111111	Bibliography
34.9911111111111	25.3333333333333	Bibliography
35.3175	24.4625	Bibliography
35.2658333333333	24.4816666666667	Bibliography
35.1738888888889	24.4661111111111	Bibliography
35.5197222222222	23.8908333333333	Bibliography
35.35	23.8166666666667	Bibliography
35.123889	25.489722	Bibliography
35.151944	25.480556	Bibliography
35.43	23.8436111111111	Bibliography
35.149167	25.641667	Bibliography
35.3215	24.9205	Bibliography
35.4388610550001	24.098455831	Bibliography
35.2083604530001	25.340951252	Bibliography
35.3863	24.1067	NHMC
35.4855191	23.9915981	Bibliography
35.284702	24.077789	Bibliography
35.0869444444444	25.9458333333333	Bibliography
35.3767	24.0797	NHMC
35.5497	23.7771	NHMC
35.0513	24.7546	NHMC
35.3299	25.0169	NHMC
35.2984	25.1507	NHMC
35.457	24.2213	NHMC
35.2993	25.1627	NHMC
35.3288	25.2045	NHMC
35.3492	23.9078	NHMC
35.4496	24.2053	NHMC
35.3326	25.1599	NHMC
35.455	24.1944	NHMC
35.3607	24.2517	NHMC
35.3664	24.076	NHMC
35.4051	23.9564	NHMC
35.367	23.6685	NHMC
35.4139	23.6615	NHMC
35.3166666666667	23.9	Bibliography
35.3125	23.8563888888889	Bibliography
35.12582	25.483301	Bibliography
35.288135	24.51245	Bibliography
35.249609	24.678704	Bibliography
35.195236	25.18174	Bibliography
35.292902	24.382833	Bibliography
35.195682	24.338869	Bibliography
35.163579	25.218662	Bibliography
35.281075	24.4786	Bibliography
35.2723	24.484064	Bibliography
35.050632	26.188028	Bibliography
35.357945	24.255422	Bibliography
35.360758	24.251142	Bibliography
35.247321	25.413252	Bibliography
35.214886	24.561665	Bibliography
35.21987	24.57144	Bibliography
35.085634	26.105302	Bibliography
35.324609	24.275855	Bibliography
35.370459	24.148728	Bibliography
34.8442	24.0539	NHMC
34.8625	24.0908	NHMC
35.07973	26.0988	Bibliography
35.2386499180001	23.6167001690001	Bibliography
35.03718	25.9707	Bibliography
35.24408	25.23607	Bibliography
35.1292637	26.2168183999999	Bibliography
35.332916	24.617291	Bibliography
35.035433	25.242493	Bibliography
35.3235124	24.4192884	Bibliography
35.289277	23.959699	Bibliography
35.59099	24.144024	Bibliography
35.559957	24.159984	Bibliography
35.583639	23.777	Bibliography
35.3048089490001	24.926347548	Bibliography
35.552404	23.776683	Bibliography
35.3963344	23.9419295999999	Bibliography
35.1294797	26.0533049	Bibliography
35.5524768	23.7767036999999	Bibliography
35.2984513	24.8389191	Bibliography
35.4460194	23.9965207999999	Bibliography
34.9322222	24.7788888999999	Bibliography
35.3608199	24.2621669	Bibliography
35.5137852780001	23.875774596	Bibliography
35.589	24.143774	Bibliography
35.349144	23.907791	Bibliography
35.2579	24.8563	NHMC
34.9384	25.0857	NHMC
35.3569	24.6355	NHMC
35.591	24.1447	NHMC
35.1359	26.2844	NHMC
35.3214	23.9314	NHMC
35.3368	25.6634	NHMC
35.0422	25.1519	NHMC
35.366667	23.833333	Bibliography
35.373889	23.831667	Bibliography
35.1530555555556	25.5888888888889	Bibliography
35.20973	24.17826	Bibliography
35.35	24.333333	Bibliography
35.45	23.6	Bibliography
35.225398	24.464361	Bibliography
35.35	23.9166666666667	Bibliography
35.4166666666667	24.6833333333333	Bibliography
35.226667	24.4	Bibliography
35.45184	24.17374	Bibliography
35.5044444444444	23.8183333333333	Bibliography
35.4	23.883333	Bibliography
35.359968	24.739999	Bibliography
35.339519	25.061008	Bibliography
35.3352	25.328	Bibliography
35.2503	25.149	NHMC
35.1564	24.7853	NHMC
35.3312	25.2021	NHMC
35.4006	24.7472	Bibliography
34.9997	25.3728	Bibliography
35.27334	24.28483	Bibliography
35.2423662460001	24.6806522950001	Bibliography
35.3112	25.5993	Bibliography
34.93242	24.92193	Bibliography
35.518258852	24.054998088	Bibliography
35.2450942740001	24.452384178	Bibliography
35.1379199180001	25.901045943	Bibliography
35.02046	25.20675	Bibliography
35.15033	24.62682	Bibliography
