subspeciesname	Order	families	n_locations	n_sites	eoo	eoo_overlap	eoo_natura	eoo_wildlife	aoo	aoo_natura	aoo_wildlife	potentially_VU	potentially_EN	potentially_CR	paca	iucn	threatened	aoo_natura_percent
Blaps cretensis	Coleoptera	Tenebrionidae	17	34	5762.15605335928	4834.44057575979	1620.87606129596	358.553443730641	92.4355015066298	60.9313407081236	20.0544405940585	FALSE	FALSE	FALSE	LNT	NT/LC	FALSE	0.65918
Calathus oertzeni jeanne	Coleoptera	Carabidae	17	135	4718.91780986944	4168.88692221302	1333.99630465989	302.852255574748	144.467608536509	118.471522315838	21.1251966630265	FALSE	FALSE	FALSE	LNT	NT/LC	FALSE	0.82006
Carabus banoni	Coleoptera	Carabidae	63	407	14226.0492082031	8023.80935333498	2210.44252681348	560.445301352638	612.080709707049	297.181073434495	75.4343539462712	FALSE	FALSE	FALSE	LNT	NT/LC	FALSE	0.48553
Chaetopelma lymberakisi	Araneae	Theraphosidae	6	11	3540.05275830531	3380.30219231142	1351.03995392442	253.937376998136	32.1230492046258	25.5632622029764	1.20789237300021	TRUE	FALSE	FALSE	PT	VU	TRUE	0.79579
Dailognatha cylindritarsis	Coleoptera	Tenebrionidae	19	31	7692.04104201699	4660.58644135251	1637.26200793453	392.280415472293	112.124159942923	54.5245124025827	7.36962708487282	FALSE	FALSE	FALSE	LNT	NT/LC	FALSE	0.48629
Dailognatha quadricollis rugata	Coleoptera	Tenebrionidae	72	260	11963.0282754383	8017.0244902336	2187.16404916671	549.502516441921	672.290281159031	223.30307137106	75.6257659321456	FALSE	FALSE	FALSE	LNT	NT/LC	FALSE	0.33215
Dendarus opacus	Coleoptera	Tenebrionidae	22	151	3296.71253624645	2331.18352153885	767.307092332868	126.450700455521	244.67295827565	168.372444750695	21.2511572320422	FALSE	FALSE	FALSE	LNT	NT/LC	FALSE	0.68815
Dysdera gigas	Araneae	Dysderidae	11	11	5741.19392444985	4685.08530490223	1495.76004330327	314.630350309694	44.1686840079865	11.9589995741972	3.00999862815991	FALSE	FALSE	FALSE	LNT	NT/LC	FALSE	0.27076
Euscorpius candiota	Scorpiones	Euscorpiidae	88	470	14933.6873970957	8208.94950025874	2277.26019957924	566.345728697524	955.817899579444	437.46125739159	112.129509365624	FALSE	FALSE	FALSE	LNT	NT/LC	FALSE	0.45768
Gryllomorpha cretensis	Orthoptera	Gryllidae	55	221	11656.2917996594	7179.8078248116	2043.87861693629	533.00801259459	420.172767817237	192.375642971198	62.7552031396143	FALSE	FALSE	FALSE	LNT	NT/LC	FALSE	0.45785
Harpactea coccifera	Araneae	Dysderidae	17	20	6063.56455385479	5400.45872036432	1747.73328919394	415.754205353847	83.9631226533761	29.8580686949412	7.63624068465889	FALSE	FALSE	FALSE	LNT	NT/LC	FALSE	0.35561
Megaphyllum cretica	Diplopoda	Julidae	33	85	9756.80732393922	6138.39979531992	1876.24104074545	431.377773955505	208.061147737264	112.166752424467	34.9200971502959	FALSE	FALSE	FALSE	LNT	NT/LC	FALSE	0.5391
Pogonocherus creticus	Coleoptera	Cerambycidae	3	3	525.92838949695	490.338582565102	86.5412393818654	28.6943784685181	12.0181644044366	2.62596629076474	0	TRUE	TRUE	FALSE	LT	EN	TRUE	0.2185
Raiboscelis corvinus corvinus	Coleoptera	Tenebrionidae	48	156	12991.5708751912	8161.73200545913	2242.62343303547	587.256725472798	413.844961563704	205.107258652541	67.0724096820758	FALSE	FALSE	FALSE	LNT	NT/LC	FALSE	0.49561
Scolopendra cretica	Chilopoda	Scolopendridae	88	469	16325.4705788115	8246.79826588882	2284.09293219502	571.973930694488	947.999092322615	400.519150067896	115.928315265556	FALSE	FALSE	FALSE	LNT	NT/LC	FALSE	0.42249
Tapinopterus creticus	Coleoptera	Carabidae	47	367	10542.3856523896	6690.14355356864	2020.97272531325	464.783106997534	455.826229439718	257.422875447615	49.4255200042696	FALSE	FALSE	FALSE	LNT	NT/LC	FALSE	0.56474
Troglophilus spinulosus	Orthoptera	Rhaphidophoridae	58	273	12157.019184115	7647.14085615925	2137.01289384995	531.942204005235	427.865522797204	188.884490944601	67.3767109488487	FALSE	FALSE	FALSE	LNT	NT/LC	FALSE	0.44146
Zelotes daidalus	Araneae	Gnaphosidae	16	24	12052.4515310638	7802.44407651003	2161.27811865942	548.356705343272	92.0016093665463	33.5300973706292	9.29402062100593	FALSE	FALSE	FALSE	LNT	NT/LC	FALSE	0.36445
Hydraena subinura	Coleoptera	Hydraenidae	11	13	6508.07315952394	5834.83682431986	1882.33682348887	413.557178424055	51.989404429131	8.51492537233122	3.12702951144259	FALSE	FALSE	FALSE	LNT	NT/LC	FALSE	0.16378
Jekelius brullei creticus	Coleoptera	Geotrupidae	34	96	7183.2501722425	5908.88524159586	1814.73038700893	383.204245778112	248.830026001355	163.827695561255	45.1575843183653	FALSE	FALSE	FALSE	LNT	NT/LC	FALSE	0.65839
Malthonica minoa	Araneae	Agelenidae	16	20	7515.06280883672	5920.1524005242	1754.1601100428	399.546212017617	88.2535843034696	29.702808232968	6.21841788232758	FALSE	FALSE	FALSE	LNT	NT/LC	FALSE	0.33656
Zabrus oertzeni	Coleoptera	Carabidae	2	2	NA	NA	NA	NA	8.03059685721825	5.55298930743608	0	TRUE	TRUE	FALSE	LT	EN	TRUE	0.69148
Eupholidoptera latens	Orthoptera	Tettigoniidae	14	47	1188.93908667215	1107.15262344014	431.968438470465	72.3279506972359	148.371950628929	88.1642268120057	11.3638447133915	FALSE	FALSE	FALSE	LNT	NT/LC	FALSE	0.59421
Maimuna cretica	Araneae	Agelenidae	52	74	9303.93711960607	6897.92976433752	1897.59949372938	460.120857064473	309.056822604419	86.072418355515	20.7214187350256	FALSE	FALSE	FALSE	LNT	NT/LC	FALSE	0.2785
Platyderus jedlickai	Coleoptera	Carabidae	25	57	6286.7406398181	5544.26880649659	1661.09032210352	355.526564640018	140.036001191276	73.3051135688213	28.214794521706	FALSE	FALSE	FALSE	LNT	NT/LC	FALSE	0.52347
Tychus reitterianus	Coleoptera	Staphylinidae	23	37	3604.5963399928	3411.96212925242	1212.12979764789	181.512441752815	167.882240198242	65.4153653745877	10.7446542443074	FALSE	FALSE	FALSE	LNT	NT/LC	FALSE	0.38965
Acanthopetalum minotauri	Diplopoda	Schizopetalidae	30	104	6859.91617223051	5687.68104914932	1541.62018088253	336.62801754957	168.714433229373	56.9085112370436	29.9425701212777	FALSE	FALSE	FALSE	LNT	NT/LC	FALSE	0.33731
Acmaeodera flavolineata piloselloides	Coleoptera	Buprestidae	33	45	9614.48950321901	7290.21217343145	1968.57104037805	481.61325626129	188.748109971738	75.0468292153693	11.6326763457171	FALSE	FALSE	FALSE	LNT	NT/LC	FALSE	0.3976
Acmaeodera saxicola minoa	Coleoptera	Buprestidae	24	38	6958.85918971442	5811.33968955555	1774.31449184386	421.312724366845	152.595338571261	50.6196523607117	7.03001655239847	FALSE	FALSE	FALSE	LNT	NT/LC	FALSE	0.33172
Anthaxia schoenmanni	Coleoptera	Buprestidae	30	32	8814.3649699782	6666.68887563253	1875.93010234842	435.669103344064	128.503035843353	28.0030522055935	6.38024390538314	FALSE	FALSE	FALSE	LNT	NT/LC	FALSE	0.21792
Dailognatha quadricollis plicata	Coleoptera	Tenebrionidae	7	29	2713.46752329498	1519.30126856608	734.880737511404	116.234754023529	63.973052103146	28.4804510012836	4.83802723312309	TRUE	FALSE	FALSE	PT	VU	TRUE	0.44519
Dendarus falassarnensis	Coleoptera	Tenebrionidae	1	2	NA	NA	NA	NA	4.00416478822834	0.0161135657564957	0	TRUE	TRUE	TRUE	LT	CR	TRUE	0.00402
Harpactea cressa	Araneae	Dysderidae	26	32	8183.45542826778	6136.76923293089	1670.48495323755	377.743048412401	127.906382078866	43.0749677124133	10.052795855798	FALSE	FALSE	FALSE	LNT	NT/LC	FALSE	0.33677
Heliophanus creticus	Araneae	Salticidae	24	33	4905.79047695201	4413.87990210078	1519.6441517501	301.88875773898	132.449419691864	44.904722435995	9.34647772112924	FALSE	FALSE	FALSE	LNT	NT/LC	FALSE	0.33903
Monomorium creticum	Hymenoptera	Formicidae	46	81	10403.6641948358	7038.87123223409	2035.91574572329	505.902220198154	336.086351534869	150.322979964465	59.79579317115	FALSE	FALSE	FALSE	LNT	NT/LC	FALSE	0.44727
Poecilimon cretensis	Orthoptera	Phaneropteridae	43	127	12660.41289232	7677.61260160323	2130.12006319376	535.316072306906	360.000233993635	189.477719036444	35.5297115863493	FALSE	FALSE	FALSE	LNT	NT/LC	FALSE	0.52633
Zelotes chaniaensis	Araneae	Gnaphosidae	12	14	6518.3922540828	5087.08604443711	1455.94371595996	311.538542488524	56.1825544792555	22.0372851940958	1.80474203259557	FALSE	FALSE	FALSE	LNT	NT/LC	FALSE	0.39224
Dendarus grampusanus	Coleoptera	Tenebrionidae	1	4	0	0	0	0	3.9985799530107	0.729358960114943	0	TRUE	TRUE	TRUE	LT	CR	TRUE	0.1824
Rhodostrophia cretacaria	Lepidoptera	Geometridae	12	12	4240.07162552563	3721.89503846122	1255.07946124882	222.304817254609	52.1599994838504	12.4273520732478	0	FALSE	FALSE	FALSE	LNT	NT/LC	FALSE	0.23825
Zelotes minous	Araneae	Gnaphosidae	8	10	11128.0265257809	7029.5129922979	2032.28369199792	507.956468414399	31.9872607761206	14.3148366035243	0.460999721723893	TRUE	FALSE	FALSE	PT	VU	TRUE	0.44752
Pholcus creticus	Araneae	Pholcidae	7	7	3415.55665462565	2974.1985015355	1026.57770012326	173.055910672898	28.0971273873972	13.994434805076	0.673085128365916	TRUE	FALSE	FALSE	PT	VU	TRUE	0.49807
Stenopterus creticus	Coleoptera	Cerambycidae	24	39	5901.30140545598	5306.71576783067	1744.21557199692	397.418970253457	123.94335255895	33.2467729899349	9.47703017466643	FALSE	FALSE	FALSE	LNT	NT/LC	FALSE	0.26824
Stictoleptura cordigera anojiaensis	Coleoptera	Cerambycidae	16	28	3128.9772808882	3126.32476522369	1410.98104999111	312.756391385718	83.9745545793033	25.638646453511	6.57103532243615	FALSE	FALSE	FALSE	LNT	NT/LC	FALSE	0.30531
Strigopteroides margotanae	Coleoptera	Buprestidae	2	3	0	0	0	0	8.03216320232417	8.13243458707903e-4	0	TRUE	TRUE	FALSE	LT	EN	TRUE	1e-4
Strongylogaster cretensis	Hymenoptera	Tenthredinidae	12	16	1824.09625791641	1652.30943581415	546.700201097201	84.063435567302	56.1542619657579	18.2830441701917	1.81090208347762	FALSE	FALSE	FALSE	LNT	NT/LC	FALSE	0.32559
Theridion helena	Araneae	Theridiidae	27	36	7673.54782888695	6009.37933687476	1839.94766842703	453.831340135106	148.683285957204	50.8126393016309	6.30557516249079	FALSE	FALSE	FALSE	LNT	NT/LC	FALSE	0.34175
Trichoferus bergeri	Coleoptera	Cerambycidae	8	9	4127.68526247123	3940.54240034346	1494.44420585365	331.396366566372	35.9605987792095	7.86491759787525	0.492741237252996	TRUE	FALSE	FALSE	PT	VU	TRUE	0.21871
Zodarion spinibarbe	Araneae	Zodariidae	40	50	8436.64113720762	6715.45676848521	1871.54617703132	466.174847871829	212.970222462228	46.2219497425521	10.1832201740004	FALSE	FALSE	FALSE	LNT	NT/LC	FALSE	0.21703
Agapanthia cynarae michaeli	Coleoptera	Cerambycidae	13	18	4031.5934489904	3954.32269382674	1597.67997922023	325.015370843007	68.0448729568916	16.042792715325	4.09739090065929	FALSE	FALSE	FALSE	LNT	NT/LC	FALSE	0.23577
Alevonota cretica	Coleoptera	Staphylinidae	10	13	1888.47286741914	1852.87876289046	854.094787774061	106.699686510281	63.9915789896387	38.1862454447409	4.6671839695035	TRUE	FALSE	FALSE	PT	VU	TRUE	0.59674
Allotyphlus foedatus	Coleoptera	Staphylinidae	7	19	653.742859209994	653.742859209994	350.794305129848	14.4449711820047	76.1949661493227	28.0502488778177	2.98924058126642	TRUE	FALSE	FALSE	PT	VU	TRUE	0.36814
Aloconota brachyptera	Coleoptera	Staphylinidae	4	4	588.381280158008	588.381280158008	298.560982668489	55.3710102698834	19.9951623849367	16.040010034606	5.35558686188524	TRUE	TRUE	FALSE	LT	EN	TRUE	0.80219
Amauronyx occidens	Coleoptera	Staphylinidae	1	2	NA	NA	NA	NA	8.02207105762063	7.44219923012673	1.5172790211363	TRUE	TRUE	TRUE	LT	CR	TRUE	0.92772
Aneugmenus oertzeni	Hymenoptera	Tenthredinidae	9	13	1305.36568944262	1133.57886734043	294.237730383353	39.4416598716441	48.1240485879426	20.7648270594702	0.256733823551115	TRUE	FALSE	FALSE	PT	VU	TRUE	0.43149
Astenus minos	Coleoptera	Staphylinidae	2	4	20.8803060189621	20.8803060189621	3.73292439317335	1.54034675296092	8.02645805809119	4.01268061709742	0.241271662567556	TRUE	TRUE	FALSE	LT	EN	TRUE	0.49993
Beraeamyia aphyrte	Trichoptera	Leptoceridae	8	9	1102.2607917636701	1102.2607917636701	552.241926216711	58.3835983019574	40.1099549060322	14.6080970592696	0.533042021055539	TRUE	FALSE	FALSE	PT	VU	TRUE	0.3642
Bryaxis meybohmianus	Coleoptera	Staphylinidae	10	32	1585.46535393863	1548.57792658835	683.677755568755	68.4680751510368	92.2620795927336	38.4936640511849	3.408522079174	TRUE	FALSE	FALSE	PT	VU	TRUE	0.41722
Dendarus graecus	Coleoptera	Tenebrionidae	27	151	4502.82737943844	4177.7043754304505	1526.60269226285	309.230127694288	259.886696059303	214.090652327778	31.6101435055073	FALSE	FALSE	FALSE	LNT	NT/LC	FALSE	0.82378
Deroplia troberti cruciata	Coleoptera	Cerambycidae	3	4	258.621727136915	252.784223116812	92.2420359909282	0	12.0312689172391	10.2391656028072	0	TRUE	TRUE	FALSE	LT	EN	TRUE	0.85105
Gabrius candicus	Coleoptera	Staphylinidae	1	1	NA	NA	NA	NA	4.01059326778206	4.01059326778288	0.0913132877143518	TRUE	TRUE	TRUE	LT	CR	TRUE	1
Hydropsyche rhadamanthys	Trichoptera	Hydropsychidae	21	28	6304.84424721081	5648.37931100847	1740.86654480335	395.722917673404	124.513042903393	29.6061015011078	8.1530408963254	FALSE	FALSE	FALSE	LNT	NT/LC	FALSE	0.23778
Hydropsyche sarpedon	Trichoptera	Hydropsychidae	13	18	3133.89744032922	3096.35311330257	1286.99983093869	277.754697031025	63.9462546623698	20.754631106002	2.56670902929664	FALSE	FALSE	FALSE	LNT	NT/LC	FALSE	0.32456
Isotomus jarmilae	Coleoptera	Cerambycidae	7	11	468.287584812677	468.287584812677	242.882995023482	34.0236937583903	28.1015520791446	13.6868719866991	3.73696710915076	TRUE	FALSE	FALSE	PT	VU	TRUE	0.48705
Julodis pubescens yvenii	Coleoptera	Buprestidae	37	45	12063.1093563304	7246.23445666277	2073.69242502466	535.2937837459	200.073913667526	43.2646180068127	17.3585037270642	FALSE	FALSE	FALSE	LNT	NT/LC	FALSE	0.21624
Kenotyphlus virgatus	Coleoptera	Staphylinidae	5	8	318.831582555706	318.831582555748	189.583814282814	0.397368958921382	36.0958286230183	20.8708078768831	0.0502737360905766	TRUE	TRUE	FALSE	LT	EN	TRUE	0.57821
Laena oertzeni	Coleoptera	Tenebrionidae	2	2	NA	NA	NA	NA	8.0275689659859	5.90206351354069	2.65854044828834	TRUE	TRUE	FALSE	LT	EN	TRUE	0.73522
Latipalpis margotana	Coleoptera	Buprestidae	8	10	1505.3673600283	1502.89582761279	749.698104222339	107.559702840888	44.165796019843	16.4460900179009	0.588819366193054	TRUE	FALSE	FALSE	PT	VU	TRUE	0.37237
Leptomastax cretica	Coleoptera	Staphylinidae	10	21	1816.35121749568	1816.35121749568	882.210674023177	153.904098313889	83.9525121161541	69.142934403822	19.3998759335748	TRUE	FALSE	FALSE	PT	VU	TRUE	0.8236
Medon beroni	Coleoptera	Staphylinidae	5	11	2044.83057667232	1958.75948410541	795.362612845913	117.98694587562	39.9539631937519	5.48914061072024	0.0436112882784517	TRUE	TRUE	FALSE	LT	EN	TRUE	0.13739
Medon cerrutii	Coleoptera	Staphylinidae	21	43	3960.99780462522	3781.66493751727	1474.61000320054	259.389060213546	179.847315903573	25.7173864812582	15.704858513654	FALSE	FALSE	FALSE	LNT	NT/LC	FALSE	0.143
Myrmecopora fornicata	Coleoptera	Staphylinidae	2	4	24.7622425887619	24.7622425887619	0	0	16.0537197587836	0.705453362725292	1.15956382137844	TRUE	TRUE	FALSE	LT	EN	TRUE	0.04394
Oxyethira mithi	Trichoptera	Hydroptilidae	12	13	4382.25114985244	4210.5030822426	1438.85662129312	338.155483226162	51.9955635399912	16.5866359496513	0.42216612231789	FALSE	FALSE	FALSE	LNT	NT/LC	FALSE	0.319
Oxypoda retunsa	Coleoptera	Staphylinidae	7	8	1001.39532348047	1001.39532348041	440.246405839015	79.3031508090736	31.993077132987	23.4745005585808	3.97250545494111	TRUE	FALSE	FALSE	PT	VU	TRUE	0.73374
Pedostrangalia ariadne	Coleoptera	Cerambycidae	7	13	973.122517058289	973.122517058306	441.858814012462	76.6281109328734	35.9755470681205	14.1623206512765	4.43668814767298	TRUE	FALSE	FALSE	PT	VU	TRUE	0.39367
Phytoecia coerulescens cretensis	Coleoptera	Cerambycidae	20	31	4182.3124071565	4070.15356635672	1552.13476686969	297.16615284306	108.441454642007	35.5132141742807	5.95728908787538	FALSE	FALSE	FALSE	LNT	NT/LC	FALSE	0.32749
Pogonocherus perroudi brevipilosus	Coleoptera	Cerambycidae	1	1	NA	NA	NA	NA	4.01202303074821	0	0.885576946592517	TRUE	TRUE	TRUE	LT	CR	TRUE	0
Proteinus creticus	Coleoptera	Staphylinidae	14	32	2773.56995576137	2744.0146762838	1202.74901142131	184.337501933385	132.000750998553	95.5847147479648	18.9358699638703	FALSE	FALSE	FALSE	LNT	NT/LC	FALSE	0.72412
Pseudosphegesthes bergeri	Coleoptera	Cerambycidae	3	5	14.6994974223839	14.6994974224424	10.2869556402636	0.198364747575324	12.0378439659013	9.09857176113829	0.653135951347807	TRUE	TRUE	FALSE	LT	EN	TRUE	0.75583
Ptosima undecimmaculata metallescens	Coleoptera	Buprestidae	16	18	5190.47799576248	4554.38071983089	1458.35515543568	281.546995424864	75.9242763615584	24.1737287538956	2.90433583171069	FALSE	FALSE	FALSE	LNT	NT/LC	FALSE	0.31839
Scopaeus muehlei	Coleoptera	Staphylinidae	5	5	2338.80382555509	2332.78826130848	1028.43557329685	193.864125314861	19.9909594532469	7.98640853909375	2.76206136044818	TRUE	TRUE	FALSE	LT	EN	TRUE	0.3995
Scydmoraphes ziegleri	Coleoptera	Staphylinidae	7	8	1825.3573277575	1666.30390825216	643.005849236404	103.951629244551	32.0104624668008	5.14264621203853	5.54416954226558	TRUE	FALSE	FALSE	PT	VU	TRUE	0.16066
Stenichnus aegialioides	Coleoptera	Staphylinidae	12	16	2402.11930465477	2316.18396206303	986.473643626205	134.492494903958	68.2405210359045	23.3525553995308	2.3632204043766	FALSE	FALSE	FALSE	LNT	NT/LC	FALSE	0.34221
Stenichnus basimpressus	Coleoptera	Staphylinidae	6	7	766.376257730839	758.562948282039	390.833193564046	57.944587276816	24.0915089467613	17.2652674175291	3.24454027356795	TRUE	FALSE	FALSE	PT	VU	TRUE	0.71665
Stictoleptura picticornis	Coleoptera	Cerambycidae	10	20	2653.82129274611	2651.52773350284	1236.4527892398	243.715073497852	63.9724201641913	32.3675670347058	4.64773651389245	TRUE	FALSE	FALSE	PT	VU	TRUE	0.50596
Stictoleptura slamai	Coleoptera	Cerambycidae	5	7	2138.71856946214	2089.97130720671	948.757458337555	199.535159661913	20.0807393992216	12.020664894735	4.02577459807725	TRUE	TRUE	FALSE	LT	EN	TRUE	0.59862
Tinodes aligi	Trichoptera	Psychomiidae	6	12	233.429738204832	233.429738204832	54.9702276135595	4.11152275540507	52.140106532104	5.77201319499001	0	TRUE	FALSE	FALSE	PT	VU	TRUE	0.1107
Walckenaeria cretaensis	Araneae	Linyphiidae	19	22	5532.5315657751	4511.43381509581	1478.62608634941	309.227095605177	96.2883022519337	26.4703401791522	7.93941228374896	FALSE	FALSE	FALSE	LNT	NT/LC	FALSE	0.27491
Xantholinus creticus	Coleoptera	Staphylinidae	6	7	799.372440331451	799.269465389148	401.905097641349	18.6497030187489	28.079338084771	13.9412036126102	2.94822150532613	TRUE	FALSE	FALSE	PT	VU	TRUE	0.49649
Xantholinus erinaceus	Coleoptera	Staphylinidae	14	19	3773.00266603887	3416.57124747252	1208.49140732666	245.541164905388	72.2278685510058	21.1163463465021	5.63037028285645	FALSE	FALSE	FALSE	LNT	NT/LC	FALSE	0.29236
Boyeria cretensis	Odonata	Aeshnidae	15	24	3991.51393200002	3773.70799166316	1227.75352536445	232.673174851415	92.3281754567718	19.2147435588058	1.63754018746304	FALSE	FALSE	FALSE	LNT	NT/LC	FALSE	0.20811
Cephennium chanianum	Coleoptera	Staphylinidae	2	8	99.1134059929747	99.1134059929789	19.0200051217434	0	36.0847431958555	10.2582539897284	0	TRUE	TRUE	FALSE	LT	EN	TRUE	0.28428
Dysderocrates marani	Araneae	Dysderidae	8	17	1864.85848701903	1824.26021236243	752.041929911289	115.812874361909	64.1956925629725	43.1863121862127	8.19195550413021	TRUE	FALSE	FALSE	PT	VU	TRUE	0.67273
Harpactea catholica	Araneae	Dysderidae	8	10	2011.1762566487	1551.99343114821	520.18552513112	44.450188316437	44.1242812169759	21.5545987240544	4.7243734883009	TRUE	FALSE	FALSE	PT	VU	TRUE	0.4885
Nebrioporus amicorum	Coleoptera	Dytiscidae	14	15	4076.48634950044	3616.2151483623	1386.50243703118	256.786943328349	60.2155707764653	7.35019465094684	0.365858182249554	FALSE	FALSE	FALSE	LNT	NT/LC	FALSE	0.12206
Plectrocnemia conspersa keftiu	Trichoptera	Polycentropidae	7	9	820.59799089578	820.59799089578	352.945135716119	33.0775015369265	36.0904448910598	8.97254238822717	0	TRUE	FALSE	FALSE	PT	VU	TRUE	0.24861
Rhyparochromus creticus	Heteroptera	Lygaeidae	7	7	3844.07642597913	2380.09916807622	335.00472030472	113.79674519516	28.0967038071735	6.87543659426467	0.307448653775894	TRUE	FALSE	FALSE	PT	VU	TRUE	0.24471
Ryacophila gudrunae	Trichoptera	Ryacophilidae	4	6	114.236432564971	114.236432564971	63.164468902961	26.1175185133566	24.0712493106258	12.6190773838028	1.29626542016551	TRUE	TRUE	FALSE	LT	EN	TRUE	0.52424
Saitis ariadneae	Araneae	Salticidae	8	9	3297.57132322107	2974.03350851619	1011.02098810465	167.308600415605	36.1387402660198	18.4302152211078	0.0497848157573462	TRUE	FALSE	FALSE	PT	VU	TRUE	0.50998
Temnothorax proteii	Hymenoptera	Formicidae	23	33	5106.85896559897	4609.37623076962	1394.37099970019	281.552398776489	144.603076722564	41.9629330391282	12.9974242366826	FALSE	FALSE	FALSE	LNT	NT/LC	FALSE	0.29019
Perotis margotana	Coleoptera	Buprestidae	31	44	6652.36447443619	5805.78760208763	1509.3567052057101	348.558995417561	180.719015002636	30.9219251360421	14.0394507904494	FALSE	FALSE	FALSE	LNT	NT/LC	FALSE	0.1711
Aelurillus leipoldae	Araneae	Salticidae	19	21	9102.50223817256	5866.93757945405	1786.706453221	385.054005600021	84.0470766651992	43.8327846358622	10.4515332067926	FALSE	FALSE	FALSE	LNT	NT/LC	FALSE	0.52153
Athripsodes longispinosus paleochora	Trichoptera	Leptoceridae	6	7	2246.49419175699	1939.17375796727	884.201207971202	174.239126286988	27.9913952061869	7.93915353604721	0.277760031352061	TRUE	FALSE	FALSE	PT	VU	TRUE	0.28363
Calopteryx splendens cretensis	Odonata	"Calopterygidae

Calopterygidae"	10	13	1760.38164111312	1716.80247609091	812.170223542097	173.08093024987	44.1676451191338	7.87872973230729	0	TRUE	FALSE	FALSE	PT	VU	TRUE	0.17838
Leptobium creticum	Coleoptera	Staphylinidae	22	37	3936.19339780236	3763.13618290031	1694.65671789885	318.853967656104	176.022005910039	109.149907092674	16.0700599248872	FALSE	FALSE	FALSE	LNT	NT/LC	FALSE	0.62009
Tentyria rotundata paganettii	Coleoptera	Tenebrionidae	7	16	8238.85912791616	5925.48926596341	1911.83197305697	456.75394941549	52.1321347460659	9.61660212853952	4.97932374096813	TRUE	FALSE	FALSE	PT	VU	TRUE	0.18447
Tinodes reisseri	Trichoptera	Psychomiidae	24	32	6544.2550700248	5830.3690123382	1810.17638745135	431.426732329692	132.033375527467	33.2711549662708	6.12885794988014	FALSE	FALSE	FALSE	LNT	NT/LC	FALSE	0.25199
Acmaeodera bartoni	Coleoptera	Buprestidae	14	23	2682.58851227357	2664.30299513174	1288.93985547107	256.081372261107	91.9675501055549	46.9259171034663	4.1241160796378	FALSE	FALSE	FALSE	LNT	NT/LC	FALSE	0.51024
Acmaeoderella stepaneki	Coleoptera	Buprestidae	8	9	4052.32134308385	3862.75724880171	1455.10679210321	273.436116261954	35.9765011495443	12.0165671400758	0.615591227242041	TRUE	FALSE	FALSE	PT	VU	TRUE	0.33401
Anthaxia nigrojubata inexpectata	Coleoptera	Buprestidae	8	12	1282.15797674043	1280.56046586877	632.918032257411	103.916260398623	55.9461480117767	42.2261898299247	6.08887407319281	TRUE	FALSE	FALSE	PT	VU	TRUE	0.75476
Aplocera cretica	Lepidoptera	Geometridae	17	18	4154.35669773127	4050.37595654465	1451.38648649662	291.21775724121	68.0141955624507	24.0908257167604	6.62077045746992	FALSE	FALSE	FALSE	LNT	NT/LC	FALSE	0.3542
Cephennium selinonum	Coleoptera	Staphylinidae	1	1	NA	NA	NA	NA	4.0131193190404	0	0	TRUE	TRUE	TRUE	LT	CR	TRUE	0
Cyllecoris ernsti	Heteroptera	Miridae	3	3	164.825344416482	164.825344416482	75.7678887297068	17.9058256201809	12.0530543981005	4.01987478020137	0	TRUE	TRUE	FALSE	LT	EN	TRUE	0.33352
Lasius tapinomoides	Hymenoptera	Formicidae	8	9	2548.81319279673	2471.23794144451	1074.03807446952	217.807714216371	39.989202371221	7.30271655520949	4.10255528224054	TRUE	FALSE	FALSE	PT	VU	TRUE	0.18262
Macrothele cretica	Araneae	Hexathelidae	11	16	1248.46916064594	1227.99002305188	546.08711829953	65.6791609027213	68.2206620289283	29.7607475154146	2.32430705375458	FALSE	FALSE	FALSE	LNT	NT/LC	FALSE	0.43624
Pholcus spiliensis	Araneae	Pholcidae	9	13	3218.10698518576	2978.27163638329	1172.21682237934	256.900625754944	44.1846477681474	25.6049072293281	0.567656825873204	TRUE	FALSE	FALSE	PT	VU	TRUE	0.5795
Prionobius myardi proksi	Coleoptera	Cerambycidae	11	15	4155.53503160837	3820.65154360508	1372.0895910438	293.792179789239	55.9763517430097	13.3992651776036	5.73833334013235	FALSE	FALSE	FALSE	LNT	NT/LC	FALSE	0.23937
Scydmoraphes minotauri	Coleoptera	Staphylinidae	8	8	1671.56415958143	1659.92193268727	769.442695286857	99.940676057993	31.9776133733758	4.95889521932822	2.20983419846812	TRUE	FALSE	FALSE	PT	VU	TRUE	0.15507
Stenophylax minoicus	Trichoptera	Hydropsychidae	11	14	2538.07309585638	2458.38803945488	858.349076220554	142.902702028889	55.9925140050419	28.5981003042863	2.17955728556621	FALSE	FALSE	FALSE	LNT	NT/LC	FALSE	0.51075
Coenagrion intermedium	Odonata	Coenagrionidae	11	13	3407.3363175449	3207.24014071475	832.83145386006	205.13195074884499	52.2033728196803	9.66867598992817	0.203646574574681	FALSE	FALSE	FALSE	LNT	NT/LC	FALSE	0.18521
Dysdera neocretica	Araneae	Dysderidae	3	3	243.242704537154	192.550906278879	13.7219464021719	4.45851972569955	12.0390999533171	0	0	TRUE	TRUE	FALSE	LT	EN	TRUE	0
Pronomaea wunderlei	Coleoptera	Staphylinidae	3	4	1.9973972292154	1.9973972292154	0.434694656603957	0.00462112228290117	12.0262778783577	2.22536404578015	3.24227103880164	TRUE	TRUE	FALSE	LT	EN	TRUE	0.18504
Zodarion albipatellarae	Araneae	Zodariidae	3	3	4219.07909586146	3886.62382947381	1041.23463883747	263.007809948396	12.0574444453769	2.58985428309274	0	TRUE	TRUE	FALSE	LT	EN	TRUE	0.21479
Agapanthia probsti	Coleoptera	Cerambycidae	4	7	138.586447275538	138.586447275565	112.798385845858	0.0139512805203127	20.0561016366835	5.59376457484	1.08050471313443	TRUE	TRUE	FALSE	LT	EN	TRUE	0.27891
Allantus nigrolinearis	Hymenoptera	Tenthredinidae	3	4	424.975556758106	424.975556758084	179.032634068781	42.3240052357	12.0515406828986	5.52900867572063	2.50499999981245	TRUE	TRUE	FALSE	LT	EN	TRUE	0.45878
Amischa cretica	Coleoptera	Staphylinidae	2	3	1.05740332682647	1.05740332682647	0.414537357101588	0.0528074441587584	8.00107062205142	8.00107062205209	0	TRUE	TRUE	FALSE	LT	EN	TRUE	1
Anaglyptus praecellens	Coleoptera	Cerambycidae	5	15	238.007492001588	238.007492001585	238.007492001585	2.14982554292057	40.131754373474	39.5908106233031	2.51937824683253	TRUE	TRUE	FALSE	LT	EN	TRUE	0.98652
Anthaxia ariadna	Coleoptera	Buprestidae	5	7	670.995314302951	670.995314302952	387.629704224021	47.0719408530348	32.1142202603029	17.7164516602277	0.476920470685432	TRUE	TRUE	FALSE	LT	EN	TRUE	0.55167
Aphaenogaster cecconii	Hymenoptera	Formicidae	23	32	6231.86636222679	5231.30737836348	1542.99924132975	364.752395666654	104.438294089799	38.8126436709003	16.6126989668	FALSE	FALSE	FALSE	LNT	NT/LC	FALSE	0.37163
Bembidion minoum	Coleoptera	Carabidae	1	2	NA	NA	NA	NA	4.013254265955	4.01325426595465	0	TRUE	TRUE	TRUE	LT	CR	TRUE	1
Boreaphilus fueschleri	Coleoptera	Staphylinidae	7	9	868.468675611322	868.468675611322	349.030182982098	64.6055856487475	44.0446275059008	38.7997836832989	3.69564121693816	TRUE	FALSE	FALSE	PT	VU	TRUE	0.88092
Boreaphilus meybohmi	Coleoptera	Staphylinidae	2	6	2.65713665480687	2.65713665480687	2.65713665480687	0.114347262389399	36.1144522868035	36.1144522868033	2.00448705233001	TRUE	TRUE	FALSE	LT	EN	TRUE	1
Callimus angulatus glabrescens	Coleoptera	Cerambycidae	9	18	1602.76836164887	1602.76836164894	739.493851882679	124.883159445513	51.9962706628028	38.8080514367366	8.64209272796145	TRUE	FALSE	FALSE	PT	VU	TRUE	0.74636
Cataglyphis cretica	Hymenoptera	Formicidae	19	20	7751.85683651866	5158.51559196535	1678.01746226918	384.34560074685203	84.0409898448355	48.6291533341863	16.8804580566957	FALSE	FALSE	FALSE	LNT	NT/LC	FALSE	0.57864
Claviger oertzeni	Coleoptera	Staphylinidae	2	2	NA	NA	NA	NA	8.0310271697914	8.03102716979208	0	TRUE	TRUE	FALSE	LT	EN	TRUE	1
Cyclophora ariadne	Lepidoptera	Geometridae	6	7	1523.76986134899	1520.40353900713	783.682200714896	138.250378924979	24.0925548852133	15.2126113185618	4.02397956162649	TRUE	FALSE	FALSE	PT	VU	TRUE	0.63142
Dailognatha quadricollis montana	Coleoptera	Tenebrionidae	9	57	1213.21397989221	1213.21397989223	722.452225550467	113.898295458314	116.458792919341	113.770014065418	22.0666520512697	TRUE	FALSE	FALSE	PT	VU	TRUE	0.97691
Dichillus obenbergeri	Coleoptera	Tenebrionidae	2	2	NA	NA	NA	NA	8.03081959269988	8.03081959270146	0.713806014204436	TRUE	TRUE	FALSE	LT	EN	TRUE	1
Ennomos duercki	Lepidoptera	Geometridae	3	3	40.0201331607646	40.0201331607393	20.1922094066241	0.340023696085992	11.9941158179076	9.34689084692052	4.00310036093041	TRUE	TRUE	FALSE	LT	EN	TRUE	0.77929
Eumannia psyloritaria	Lepidoptera	Geometridae	4	4	507.443878916027	507.443878916011	206.802745724734	20.7851183233778	16.0581716092901	5.7688545969239	4.0123682019089	TRUE	TRUE	FALSE	LT	EN	TRUE	0.35925
Faronus lefkamontium	Coleoptera	Staphylinidae	2	2	NA	NA	NA	NA	8.02643766047343	8.02643766047286	2.35733131387248	TRUE	TRUE	FALSE	LT	EN	TRUE	1
Faronus meybohmi	Coleoptera	Staphylinidae	5	12	178.843964063716	178.843964063734	178.843964063734	2.3964383884462	64.2091446284475	59.3892173248993	6.96246837813653	TRUE	TRUE	FALSE	LT	EN	TRUE	0.92493
Geostiba icaria	Coleoptera	Staphylinidae	2	3	1.54112785090391	1.54112785090402	0.786930398288712	0	8.02378394797447	4.08013108031162	0	TRUE	TRUE	FALSE	LT	EN	TRUE	0.5085
Glossotrophia mentzeri	Lepidoptera	Geometridae	13	17	3779.20511077615	3616.4464962671	1469.12922447505	277.016822007941	64.0091680032748	30.6944188946432	6.32690218393461	FALSE	FALSE	FALSE	LNT	NT/LC	FALSE	0.47953
Harpalus sulphuripes creticus	Coleoptera	Carabidae	12	43	1272.30198204172	1272.30198204172	608.90412126187	94.8480477328322	111.965272163873	106.102623833964	11.8155476706353	FALSE	FALSE	FALSE	LNT	NT/LC	FALSE	0.94764
Helops glabriventris jelineki	Coleoptera	Tenebrionidae	5	17	218.671229240197	218.67122924019	211.439967316772	2.2314276378845	44.1680878025217	44.168087802522	3.6329444433911	TRUE	TRUE	FALSE	LT	EN	TRUE	1
Heterarthrus imbrosensis	Hymenoptera	Tenthredinidae	3	4	11.3079246198843	11.3079246198797	11.3079246198797	0.66756483384395	12.0438796286024	9.95923205639002	1.45841056444164	TRUE	TRUE	FALSE	LT	EN	TRUE	0.82691
Lobrathium candicum	Coleoptera	Staphylinidae	6	7	2862.07144833358	2855.21939235629	1009.28816592275	227.741980949554	24.0186034025177	6.09088931228796	0.450316737403583	TRUE	FALSE	FALSE	PT	VU	TRUE	0.25359
Messor creticus	Hymenoptera	Formicidae	4	6	450.762337764508	450.762337764507	164.557850770091	38.3196316410978	24.0132383153364	24.0132383153358	2.90239949529291	TRUE	TRUE	FALSE	LT	EN	TRUE	1
Myrmecopora plana	Coleoptera	Staphylinidae	3	5	38.020065736137	38.0200657361527	35.7079705669022	0.715124771697843	24.0880258305408	20.8929806204457	4.71973361170441	TRUE	TRUE	FALSE	LT	EN	TRUE	0.86736
Odocnemis cretensis	Coleoptera	Tenebrionidae	16	32	6506.31533965092	4081.78020956016	1435.15894175713	323.763695296725	104.042393420624	83.5812231311997	24.2286182346608	FALSE	FALSE	FALSE	LNT	NT/LC	FALSE	0.80334
Pareulype lasithiotica	Lepidoptera	Geometridae	3	3	577.008084198338	577.008084198351	289.238591319933	52.9979814555407	12.0494562342312	11.4916121898546	0	TRUE	TRUE	FALSE	LT	EN	TRUE	0.9537
Pristiphora cretica	Hymenoptera	Tenthredinidae	5	9	413.410935192061	413.410935192061	179.173183904926	35.9923232721149	23.9983768147596	19.1558997975644	3.65025385431553	TRUE	TRUE	FALSE	LT	EN	TRUE	0.79822
Purpuricenus schurmanni	Coleoptera	Cerambycidae	7	14	1485.82663153452	1485.82663153455	537.12056779123	93.0640150944294	48.165824118317	39.9751267127413	1.46893373142348	TRUE	FALSE	FALSE	PT	VU	TRUE	0.82995
Stenichnus brachati	Coleoptera	Staphylinidae	14	23	2790.93419392838	2611.60132682098	1079.70160474325	166.547810092009	79.9930146488653	59.0891460718524	8.7485201506106	FALSE	FALSE	FALSE	LNT	NT/LC	FALSE	0.73868
Tapinopterus stepaneki leucaorensis	Coleoptera	Carabidae	2	2	NA	NA	NA	NA	8.02411508693809	7.97980869974202	2.76263095807349	TRUE	TRUE	FALSE	LT	EN	TRUE	0.99448
Tectusa callicera	Coleoptera	Staphylinidae	2	3	0.370784126674151	0.370784126674151	0.370784126674151	0.0218795510190728	12.0401373891254	12.0401373891255	3.2523279058131	TRUE	TRUE	FALSE	LT	EN	TRUE	1
Temnothorax daidalosi	Hymenoptera	Formicidae	11	14	3242.00938798326	2885.31125815506	1019.18440594905	189.726705170649	56.2018882265222	13.9370746490425	5.14765234747685	FALSE	FALSE	FALSE	LNT	NT/LC	FALSE	0.24798
Temnothorax minotaurosi	Hymenoptera	Formicidae	2	2	NA	NA	NA	NA	8.03120027725423	5.12253805735083	2.29653582702825	TRUE	TRUE	FALSE	LT	EN	TRUE	0.63783
Zabrus oertzeni leukaorensis	Coleoptera	Carabidae	7	31	215.479896403656	215.479896403656	207.536239551566	0.447593169794856	68.2242640902818	64.0634500561563	0.700038482814791	TRUE	FALSE	FALSE	PT	VU	TRUE	0.93901
Amauronyx chanianus	Coleoptera	Staphylinidae	1	1	NA	NA	NA	NA	4.01111072425707	0	0	TRUE	TRUE	TRUE	LT	CR	TRUE	0
Amauronyx paganettii	Coleoptera	Staphylinidae	1	1	NA	NA	NA	NA	4.009401282488	0.357092052327486	0	TRUE	TRUE	TRUE	LT	CR	TRUE	0.08906
Batrisodes paganettii	Coleoptera	Staphylinidae	6	7	2386.1838768527	2263.54761265062	896.493898389862	154.088614862839	31.988483323031	4.35734685562755	2.11612841004295	TRUE	FALSE	FALSE	PT	VU	TRUE	0.13622
Bembidion subcostatum creticum	Coleoptera	Carabidae	6	8	2152.57427138632	2039.41621966648	677.622626905502	135.323118561668	24.0837797700927	5.45530600855681	0.34244484845097	TRUE	FALSE	FALSE	PT	VU	TRUE	0.22651
Cephennium meybohmi	Coleoptera	Staphylinidae	1	1	NA	NA	NA	NA	4.00923887675722	0	0	TRUE	TRUE	TRUE	LT	CR	TRUE	0
Cretotyphlus chanianus	Coleoptera	Staphylinidae	1	1	NA	NA	NA	NA	4.00927681900525	0.0472440888750086	0	TRUE	TRUE	TRUE	LT	CR	TRUE	0.01178
Geostiba albimontis	Coleoptera	Staphylinidae	3	6	79.7637282035845	79.7637282035845	73.6989935037896	0.317613219672609	32.1151428217935	14.0000559426848	0.984925787265362	TRUE	TRUE	FALSE	LT	EN	TRUE	0.43593
Quedius sigwalti	Coleoptera	Staphylinidae	9	12	2953.72647082604	2714.99105490655	912.891887056093	167.541800854285	52.1838030549267	17.0417587678258	4.59756824103901	TRUE	FALSE	FALSE	PT	VU	TRUE	0.32657
Scydmoraphes fuelscheri	Coleoptera	Staphylinidae	5	9	1446.6825402588	1370.43182743051	541.998849117403	50.9354874223317	40.1267181391587	6.49559467591942	0	TRUE	TRUE	FALSE	LT	EN	TRUE	0.16188
Stenichnus hummleri	Coleoptera	Staphylinidae	1	4	8.05773973455922	8.05773973455922	0.327669798593825	0	24.052949830587	0.356113423805447	0	TRUE	TRUE	TRUE	LT	CR	TRUE	0.01481
Tychus chanianus	Coleoptera	Staphylinidae	1	2	NA	NA	NA	NA	4.01090522830757	0	0	TRUE	TRUE	TRUE	LT	CR	TRUE	0
Typhlocyptus creticus	Coleoptera	Staphylinidae	3	5	431.926833764463	431.926833764463	198.541851976403	33.6812487123447	12.0025415063854	1.29733446449418	0	TRUE	TRUE	FALSE	LT	EN	TRUE	0.10809
Zelotes creticus	Araneae	Gnaphosidae	17	30	1658.65383132215	1606.25042056458	861.356819675114	140.317572853556	103.972264832567	41.2330582106819	3.6069127611969	FALSE	FALSE	FALSE	LNT	NT/LC	FALSE	0.39658
Erodius orientalis boyeri	Coleoptera	Tenebrionidae	2	2	NA	NA	NA	NA	8.00663957395384	1.04410807750524	0	TRUE	TRUE	FALSE	LT	EN	TRUE	0.13041
Sigara nigrolineata mendax	Heteroptera	Corixidae	10	19	3040.45042044746	2700.25123426675	652.315056216522	166.214395974158	52.0022136128935	11.2456016267744	3.61049845572491	TRUE	FALSE	FALSE	PT	VU	TRUE	0.21625
Eupholidoptera cretica	Orthoptera	Tettigoniidae	4	11	88.751890315124	88.751890315124	88.751890315124	0.560938504180037	16.0602200176494	15.5929506290459	0	TRUE	TRUE	FALSE	LT	EN	TRUE	0.97091
Aelurillus cretensis	Araneae	Salticidae	10	11	4095.68864005436	3857.72782557617	1299.27333160083	293.229474284373	40.0058202857585	15.4074791088244	3.30623684289338	TRUE	FALSE	FALSE	PT	VU	TRUE	0.38513
Afropselaphus assingi	Coleoptera	Staphylinidae	1	2	NA	NA	NA	NA	4.013618959556	4.01361895955546	1.53527035277908	TRUE	TRUE	TRUE	LT	CR	TRUE	1
Afropselaphus dornfeldae	Coleoptera	Staphylinidae	1	1	NA	NA	NA	NA	4.01429046016524	4.01429046016559	0	TRUE	TRUE	TRUE	LT	CR	TRUE	1
Anthaxia brodskyi	Coleoptera	Buprestidae	1	1	NA	NA	NA	NA	4.01234574355971	4.01234574355722	0	TRUE	TRUE	TRUE	LT	CR	TRUE	1
Anthaxia margotana	Coleoptera	Buprestidae	3	5	257.145374763683	257.145374763681	191.118147142029	3.586866234928	20.060530581964	15.1727832220664	3.04575311104577	TRUE	TRUE	FALSE	LT	EN	TRUE	0.75635
Anthaxia praeclara creticola	Coleoptera	Buprestidae	10	13	2540.75736918607	2535.96922716923	788.219433074463	213.553609843318	48.0701324084175	18.1996203276141	4.47557793132256	TRUE	FALSE	FALSE	PT	VU	TRUE	0.37861
Atheta cretica	Coleoptera	Staphylinidae	2	3	2.50266340242854	2.50266340140911	1.32023282478952	0.147322814744971	15.9904318667552	15.9904318667528	2.86142602557902	TRUE	TRUE	FALSE	LT	EN	TRUE	1
Atheta digitalis	Coleoptera	Staphylinidae	2	2	NA	NA	NA	NA	7.99896344814508	7.99896344814676	0.0999324491106527	TRUE	TRUE	FALSE	LT	EN	TRUE	1
Bellatheta albimontis	Coleoptera	Staphylinidae	1	3	0.222624516962994	0.222624516962994	0.222624516962994	0.0581028068221454	16.0518028128637	16.0518028128639	0.460740247753741	TRUE	TRUE	TRUE	LT	CR	TRUE	1
Dendarus wettsteini	Coleoptera	Tenebrionidae	3	43	72.6692270515	72.6692270515	72.6692270515	0.0816720442791641	56.1962960228268	56.1962960228274	2.74363779610151	TRUE	TRUE	FALSE	LT	EN	TRUE	1
Drusilla cretica	Coleoptera	Staphylinidae	8	10	1129.95793792552	1111.50503191423	501.209470388961	53.514706815484	52.1914997917916	42.485208385508	8.97099394021323	TRUE	FALSE	FALSE	PT	VU	TRUE	0.81403
Eupholidoptera giuliae	Orthoptera	Tettigoniidae	18	38	1651.60764355966	1391.68958210568	563.668006939291	82.0555054161353	140.510750412356	64.5092016622946	14.0142076388877	FALSE	FALSE	FALSE	LNT	NT/LC	FALSE	0.45911
Eupholidoptera pallipes	Orthoptera	Tettigoniidae	2	10	2.08341999027174	2.08341999027174	2.08341999027174	0.0303808066165423	8.03002824960902	8.03002824960819	2.69718940283521	TRUE	TRUE	FALSE	LT	EN	TRUE	1
Faronus albimontium	Coleoptera	Staphylinidae	1	3	0	0	0	0	4.01322443844952	4.01322443845115	1.00749367764059	TRUE	TRUE	TRUE	LT	CR	TRUE	1
Heterocordylus heissi	Heteroptera	Miridae	1	1	NA	NA	NA	NA	4.01265450442291	4.01265450442291	0	TRUE	TRUE	TRUE	LT	CR	TRUE	1
Kalama cretica	Heteroptera	Tingidae	2	2	NA	NA	NA	NA	8.02752277952185	4.26988136122455	0.313013057446907	TRUE	TRUE	FALSE	LT	EN	TRUE	0.53191
Leiopus nebulosus insulanus	Coleoptera	Cerambycidae	1	2	NA	NA	NA	NA	4.01246748608346	4.01246748608401	0	TRUE	TRUE	TRUE	LT	CR	TRUE	1
Ocalea cretica	Coleoptera	Staphylinidae	5	5	379.280242596006	379.28024259626	166.935494597124	38.4940641713379	20.0037300489258	16.4134773701506	2.06203905610777	TRUE	TRUE	FALSE	LT	EN	TRUE	0.82052
Palmar cretica	Coleoptera	Buprestidae	6	6	755.78012483867	738.143973953135	329.958713462953	22.7914892368453	24.0705999908763	8.3645331059489	3.87636726040272	TRUE	FALSE	FALSE	PT	VU	TRUE	0.3475
Phlegra theseusi	Araneae	Salticidae	4	4	89.6539754989802	86.4964895458769	81.2978796522092	12.9124775337853	15.9945171679125	11.3424905646367	2.71551464277897	TRUE	TRUE	FALSE	LT	EN	TRUE	0.70915
Phymatiotris quadricollis cretica	Coleoptera	Tenebrionidae	27	52	13254.2488952817	6774.36523309798	1852.98980605308	475.429478784427	156.197762343269	55.6519638933556	16.6607056026888	FALSE	FALSE	FALSE	LNT	NT/LC	FALSE	0.35629
Platycleis albopunctata cretica	Orthoptera	Tettigoniidae	11	33	1077.78054439234	1077.78054439234	482.966884969969	109.982338246632	84.013734571277	79.900841010586	27.6390826692772	FALSE	FALSE	FALSE	LNT	NT/LC	FALSE	0.95104
Quedius praecisus	Coleoptera	Staphylinidae	2	3	42.6441879461409	42.6441879461409	16.6418674593445	2.62421310076884	16.0152879098999	16.0152879099017	0.101252140322419	TRUE	TRUE	FALSE	LT	EN	TRUE	1
Trichoferus berberidis	Coleoptera	Cerambycidae	5	7	2481.33249775308	2158.320097071	769.410690130437	140.72012664746	20.0804657063428	12.0490051626165	1.75211753498482	TRUE	TRUE	FALSE	LT	EN	TRUE	0.60004
Walckenaeria hammus	Araneae	Linyphiidae	2	2	NA	NA	NA	NA	8.03121439801881	8.03121439801792	0	TRUE	TRUE	FALSE	LT	EN	TRUE	1
Chrysis pseudoscutellaris	Hymenoptera	Chrysididae	13	15	5688.14815535345	4947.10693963117	1231.61368381321	319.065531392198	51.9962622716959	17.3730031108725	1.46759431388469	FALSE	FALSE	FALSE	LNT	NT/LC	FALSE	0.33412
Grammoptera auricollis basicornis	Coleoptera	Cerambycidae	5	6	800.356131332312	800.356131332312	352.562850359748	83.8872825321406	20.087780754399	16.0410704512784	0.0794607980556913	TRUE	TRUE	FALSE	LT	EN	TRUE	0.79855
Iurus dekanum	Scorpiones	Iuridae	15	29	5579.08773090084	5046.18544693282	1530.56750887449	368.106276042668	80.0616658136543	42.563667033635	16.3039019440157	FALSE	FALSE	FALSE	LNT	NT/LC	FALSE	0.53164
Orchamus raulinii	Orthoptera	Pamphagidae	13	37	6736.87820839861	5200.51789763925	1369.01610066161	333.107762822641	88.4110681199319	51.5294468199086	12.7938077855651	FALSE	FALSE	FALSE	LNT	NT/LC	FALSE	0.58284
Temnothorax variabilis	Hymenoptera	Formicidae	12	14	3126.71065434969	2710.1619820609	734.317877017358	163.724450559893	60.2102262070893	19.9584885699009	8.78904861129569	FALSE	FALSE	FALSE	LNT	NT/LC	FALSE	0.33148
Amaurobius candia	Araneae	Amaurobiidae	8	9	1792.51108509056	1744.0515120927	648.755310357887	133.476166579293	32.0108995058491	15.8665999176696	2.68268572376163	TRUE	FALSE	FALSE	PT	VU	TRUE	0.49566
Limnephilus minos	Trichoptera	Hydropsychidae	5	6	1005.32184982559	900.494075246569	339.475138317212	58.5529219594539	24.073026139203	11.2383060283413	0.221101986086375	TRUE	TRUE	FALSE	LT	EN	TRUE	0.46684
Oxyopomyrmex laevibus	Hymenoptera	Formicidae	2	2	NA	NA	NA	NA	4.00384670404563	0	0	TRUE	TRUE	FALSE	LT	EN	TRUE	0
Pimelia phymatodes	Coleoptera	Tenebrionidae	10	14	6159.86370793617	4880.99008772904	1216.739217513	323.291056417261	40.014623025842	3.92439331268218	2.5649291324265	TRUE	FALSE	FALSE	PT	VU	TRUE	0.09807
Pimelia sericella	Coleoptera	Tenebrionidae	7	7	4914.16025401967	3597.52018850212	820.574274257532	237.224978145282	28.013476836758	1.82215739321246	1.85018142814114	TRUE	FALSE	FALSE	PT	VU	TRUE	0.06505
Dendarus maximus	Coleoptera	Tenebrionidae	3	23	41.861532530844	24.5071464427084	24.5071464427064	0	40.0054027124095	22.2163115340522	0	TRUE	TRUE	FALSE	LT	EN	TRUE	0.55533
Eupholidoptera jacquelinae	Orthoptera	Tettigoniidae	3	13	39.5028156829035	22.3445943400721	22.3445943401907	0	44.0019912676318	20.8269914089236	0	TRUE	TRUE	FALSE	LT	EN	TRUE	0.47332
Raiboscelis corvinus bilyi	Coleoptera	Tenebrionidae	3	10	13.559501228182	6.65911963930596	6.65911963930579	0	24.103829193185	15.9272773611364	0	TRUE	TRUE	FALSE	LT	EN	TRUE	0.66078
Anamastigona mediterranea	Diplopoda	"Anthroleucosomatidae

Anthroleucosomatidae"	1	2	NA	NA	NA	NA	3.99904767495011	3.99904767495034	0	TRUE	TRUE	TRUE	LT	CR	TRUE	1
Lithobius creticus	Chilopoda	Lithobiidae	25	66	6434.03780574864	4361.80705674203	1344.27990306284	331.982004713887	156.10457312334	46.1568456777645	21.7766725415388	FALSE	FALSE	FALSE	LNT	NT/LC	FALSE	0.29568
Ovaliptila lindbergi	Orthoptera	Gryllidae	26	73	5268.02403731208	4652.59053845792	1222.98454553102	322.535660278563	127.964653445779	48.2430256378579	16.1993187695911	FALSE	FALSE	FALSE	LNT	NT/LC	FALSE	0.377
Phytocoris eduardi	Heteroptera	Miridae	3	3	195.001430812502	190.781775351339	153.725262808208	27.9191129546404	12.049010389333	5.35861970914577	0	TRUE	TRUE	FALSE	LT	EN	TRUE	0.44474
Phytocoris malickyi	Heteroptera	Miridae	3	3	237.453234637554	230.199789242012	166.222476070752	27.9639575241949	12.0492819739438	7.22384398115305	1.8638994680663	TRUE	TRUE	FALSE	LT	EN	TRUE	0.59952
Aphaenogaster balcanicoides	Hymenoptera	Formicidae	1	1	NA	NA	NA	NA	4.00658598290218	0	0	TRUE	TRUE	TRUE	LT	CR	TRUE	0
Periclista cretica	Hymenoptera	Tenthredinidae	4	4	788.849009012655	754.017146278901	252.15799439526	33.1765724714994	16.0557396160558	4.77981438208604	0	TRUE	TRUE	FALSE	LT	EN	TRUE	0.2977
Acrosternum malickyi	Heteroptera	Pentatomidae	5	5	1733.23458908768	1090.60304617677	264.217362164767	83.6598506661936	20.0596439802294	3.87687770793128	2.50097380726575	TRUE	TRUE	FALSE	LT	EN	TRUE	0.19327
Nemesia daedali	Araneae	Nemesiidae	4	4	310.101913549893	211.723108979236	13.5579173610435	6.32314528589999	16.0474049370593	0.07370104531604	2.23368065362793	TRUE	TRUE	FALSE	LT	EN	TRUE	0.00459
Orthonotus creticus	Heteroptera	Miridae	3	3	1730.81135622279	1062.87172262137	231.744266494514	63.2313229752033	12.0318453744546	0	2.40431203357667	TRUE	TRUE	FALSE	LT	EN	TRUE	0
Tentyria sporadica gavdosana	Coleoptera	Tenebrionidae	2	9	8.17817762015365	8.17817762015353	8.17817762015353	0	23.998542638648	17.5492251734094	0	TRUE	TRUE	FALSE	LT	EN	TRUE	0.73126
Yllenus gavdos	Araneae	Salticidae	1	1	NA	NA	NA	NA	4.00096367620946	3.67055766743069	0	TRUE	TRUE	TRUE	LT	CR	TRUE	0.91742
Zabrus oertzeni stepaneki	Coleoptera	Carabidae	1	1	NA	NA	NA	NA	4.00005758602348	4.00005758602388	0	TRUE	TRUE	TRUE	LT	CR	TRUE	1
Agapanthia cretica	Coleoptera	Cerambycidae	5	6	1323.65267956177	1319.03888933565	597.054505624969	124.797445797812	20.0049750929534	10.1615851164788	2.73486854964828	TRUE	TRUE	FALSE	LT	EN	TRUE	0.50795
Amblyiulus creticus	Diplopoda	Julidae	7	8	3831.47776142065	3119.84479891966	766.552002152455	199.943659063355	32.0418798856168	4.04918478016364	0.0205371157081287	TRUE	FALSE	FALSE	PT	VU	TRUE	0.12637
Anamastigona penicillata	Diplopoda	"Anthroleucosomatidae

Anthroleucosomatidae"	1	1	NA	NA	NA	NA	4.01467777963288	1.78225476723099	0	TRUE	TRUE	TRUE	LT	CR	TRUE	0.44393
Dichrooscytus impros	Heteroptera	Miridae	1	1	NA	NA	NA	NA	3.99956370811988	2.63515575391683	0	TRUE	TRUE	TRUE	LT	CR	TRUE	0.65886
Messor concolor	Hymenoptera	Formicidae	1	1	NA	NA	NA	NA	4.00060705073983	1.69716726240053	0	TRUE	TRUE	TRUE	LT	CR	TRUE	0.42423
Orthotylus mariagratiae	Heteroptera	Miridae	2	2	NA	NA	NA	NA	8.0005975102755	6.50108392534458	1.2466135422027	TRUE	TRUE	FALSE	LT	EN	TRUE	0.81257
Acmaeoderella rezeki	Coleoptera	Buprestidae	1	1	NA	NA	NA	NA	4.0116225349024	0	0	TRUE	TRUE	TRUE	LT	CR	TRUE	0
Crocallis helenaria	Lepidoptera	Geometridae	3	3	267.848855567231	263.978027551547	146.476549643315	32.5767913335293	11.996634718495	2.80169207888391	2.12886156865486	TRUE	TRUE	FALSE	LT	EN	TRUE	0.23354
Euplectus assingi	Coleoptera	Staphylinidae	6	6	1201.08107416846	1089.43223065678	420.832807206628	80.4501769895652	24.0147015452358	7.4383541470737	1.98729562724017	TRUE	FALSE	FALSE	PT	VU	TRUE	0.30974
Amauronyx askifouicus	Coleoptera	Staphylinidae	1	1	NA	NA	NA	NA	3.99924021081132	3.99924021081077	3.33916524168314	TRUE	TRUE	TRUE	LT	CR	TRUE	1
Tinodes rethimnon	Trichoptera	Psychomiidae	3	3	268.702357222664	268.702357222664	46.3509582159758	17.4217869313596	12.0404389713922	4.7107169005124	0.440878133013928	TRUE	TRUE	FALSE	LT	EN	TRUE	0.39124
Anthaxia senicula cretica	Coleoptera	Buprestidae	2	3	150.154451610462	148.752949339503	70.3969676176549	9.04521846976887	12.0406761422866	6.44521193419478	5.72950137433301	TRUE	TRUE	FALSE	LT	EN	TRUE	0.53529
Chrysis grohmanni cretensis	Hymenoptera	Chrysididae	3	3	297.204530667351	276.45524094736	123.097933189222	15.811163968231	12.0027715564991	6.97277269393878	2.83585650637628	TRUE	TRUE	FALSE	LT	EN	TRUE	0.58093
Dendarus foraminosus foraminosus	Coleoptera	Tenebrionidae	41	168	4820.3689993366	4343.37010913511	1120.29268900281	302.013707966526	396.227692467944	169.077389305245	70.6495460658766	FALSE	FALSE	FALSE	LNT	NT/LC	FALSE	0.42672
Palliduphantes malickyi	Araneae	Linyphiidae	4	4	1435.3193482551	1435.3193482551	500.709639636175	87.3530963727055	16.0028328439787	6.57508519982388	2.39039933700631	TRUE	TRUE	FALSE	LT	EN	TRUE	0.41087
Temnothorax ariadnae	Hymenoptera	Formicidae	7	11	242.153744778153	242.15374477813899	63.2209442312961	11.3855030599165	48.1895545853527	11.3002390962277	0.107304021383191	TRUE	FALSE	FALSE	PT	VU	TRUE	0.2345
Phytocoris parvuloides	Heteroptera	Miridae	1	1	NA	NA	NA	NA	4.002562159606	0	0	TRUE	TRUE	TRUE	LT	CR	TRUE	0
Pellenes florii	Araneae	Salticidae	1	1	NA	NA	NA	NA	4.01153327667742	0	0	TRUE	TRUE	TRUE	LT	CR	TRUE	0
Tschitscherinellus cordatus minos	Coleoptera	Carabidae	8	13	4143.1655037122	3402.695292466	860.317125795554	248.138383807863	31.9827849775932	0.41020572005489	2.22943247577758	TRUE	FALSE	FALSE	PT	VU	TRUE	0.01283
Sepedophilus creticus	Coleoptera	Staphylinidae	4	4	523.002328667935	523.002328667935	248.267518670115	66.3403401929885	16.0061880854503	13.8237800744241	1.4319293258265	TRUE	TRUE	FALSE	LT	EN	TRUE	0.86365
Macrotylus soosi	Heteroptera	Miridae	6	8	1937.9228402378899	1932.87615529566	549.587192563316	161.030901383408	28.0005952254862	4.37741110752961	2.63059544152103	TRUE	FALSE	FALSE	PT	VU	TRUE	0.15633
Maurodactylus fulvus	Heteroptera	Miridae	3	3	374.665508391641	374.665508391641	118.399449426627	22.5682545670616	12.0040090674793	3.99483312885502	0.104653537887894	TRUE	TRUE	FALSE	LT	EN	TRUE	0.33279
Zabrus oertzeni oertzeni	Coleoptera	Carabidae	12	37	985.088524369591	982.976969896158	366.633074755287	108.246230576738	95.9890108816162	56.5090350093166	18.8167166891732	FALSE	FALSE	FALSE	LNT	NT/LC	FALSE	0.5887
Eupholidoptera astyla	Orthoptera	Tettigoniidae	22	98	3525.75648540971	3427.0732828506	903.530863994878	242.560129037913	212.284977817944	128.953083075189	44.4479500800021	FALSE	FALSE	FALSE	LNT	NT/LC	FALSE	0.60745
Lesteva nitidicollis	Coleoptera	Staphulinidae	2	2	NA	NA	NA	NA	8.00175508563711	8.00175508563802	1.86495830195518	TRUE	TRUE	FALSE	LT	EN	TRUE	1
Geostiba inexsecta	Coleoptera	Staphylinidae	2	3	0	0	0	0	12.0396985269066	0	0	TRUE	TRUE	FALSE	LT	EN	TRUE	0
Nebula schneideraria eteocretica	Lepidoptera	Geometridae	2	2	NA	NA	NA	NA	8.03295095987895	1.16928989095741	0	TRUE	TRUE	FALSE	LT	EN	TRUE	0.14556
Philodromus johani	Araneae	Philodromidae	2	2	NA	NA	NA	NA	8.0043657855187	2.00967093408494	0.920846905680817	TRUE	TRUE	FALSE	LT	EN	TRUE	0.25107
Drassylus pumiloides	Araneae	Gnaphosidae	6	11	1456.82959784296	1456.82959784296	360.444708042065	100.392835429181	32.0210934132637	16.2790515091018	8.17973557867296	TRUE	FALSE	FALSE	PT	VU	TRUE	0.50839
Leptodrassus hadjissaranti	Araneae	Gnaphosidae	4	10	615.802876239549	615.802876239565	37.5575005628223	22.8935018014497	24.050177921959	0	3.19217494412732	TRUE	TRUE	FALSE	LT	EN	TRUE	0
Acinopus creticus	Coleoptera	Carabidae	4	21	81.889451655143	81.8894516551408	81.8894516551408	24.4705221629609	44.0059177802635	43.6086383725263	11.2839806689977	TRUE	TRUE	FALSE	LT	EN	TRUE	0.99097
Dendarus politus	Coleoptera	Tenebrionidae	6	56	546.798389322473	546.798389322473	229.345337975248	47.0552710629228	88.0442774983555	83.2721988686898	11.5907990220939	TRUE	FALSE	FALSE	PT	VU	TRUE	0.9458
Rhacocleis derrai	Orthoptera	Tettigoniidae	11	45	3400.48890090232	3044.06075084129	757.621304715425	239.872446043743	68.1225863131525	24.4394060105425	15.2179928197692	FALSE	FALSE	FALSE	LNT	NT/LC	FALSE	0.35876
Temnothorax incompletus	Hymenoptera	Formicidae	2	2	NA	NA	NA	NA	8.00459591104273	0.915611669376843	1.0107552036574	TRUE	TRUE	FALSE	LT	EN	TRUE	0.11439
Aloconota minoica	Coleoptera	Staphylinidae	3	4	606.175551637979	533.995639694184	144.680075611035	26.4894715713392	20.012033474638798	11.7383074732829	1.23451741702412	TRUE	TRUE	FALSE	LT	EN	TRUE	0.58656
Bidessus cretensis	Coleoptera	Dytiscidae	1	1	NA	NA	NA	NA	4.01113501869895	0	0	TRUE	TRUE	TRUE	LT	CR	TRUE	0
Dolichopoda paraskevi	Orthoptera	Rhaphidophoridae	10	60	1893.37094057715	1819.19636359627	371.940438148369	126.479822739796	76.0414772723406	30.8426752437587	10.2236405482407	TRUE	FALSE	FALSE	PT	VU	TRUE	0.4056
Raiboscelis corvinus brodskyi	Coleoptera	Tenebrionidae	6	39	305.237950597284	305.237950597256	77.9902041824951	28.1369195961119	36.1004632621033	22.0795559970736	7.3549670414068	TRUE	FALSE	FALSE	PT	VU	TRUE	0.61161
Eupholidoptera forcipata	Orthoptera	Tettigoniidae	2	18	22.7693613211808	22.7693613211808	22.7693613211808	3.01301111688835	40.0083279495823	38.5542292343274	9.17754388754129	TRUE	TRUE	FALSE	LT	EN	TRUE	0.96366
Eupholidoptera gemellata	Orthoptera	Tettigoniidae	1	9	0.680610646066695	0.680610646067364	0.680610646067364	0	12.0058591872894	10.7832346320962	0	TRUE	TRUE	TRUE	LT	CR	TRUE	0.89816
Geostiba idaea	Coleoptera	Staphylinidae	5	7	104.353195722562	104.353195722562	69.9906117793638	18.2791097617877	36.1550976625141	28.1318321296953	3.16395329747191	TRUE	TRUE	FALSE	LT	EN	TRUE	0.77809
Raiboscelis corvinus slamai	Coleoptera	Tenebrionidae	2	4	3.49812529110933	3.49812529110933	3.49812529110933	0	8.00232387414147	8.00232387414065	0.0852292697383603	TRUE	TRUE	FALSE	LT	EN	TRUE	1
Tapinopterus stepaneki stepaneki	Coleoptera	Carabidae	2	2	NA	NA	NA	NA	8.00273592065706	8.00273592065653	1.08218983075728	TRUE	TRUE	FALSE	LT	EN	TRUE	1
Anthaxia idea	Coleoptera	Buprestidae	2	3	5.71211179894318	5.71211179894318	5.70540337625324	3.23937161613735	7.99726971688512	6.56278809129208	1.86182071701856	TRUE	TRUE	FALSE	LT	EN	TRUE	0.82063
Bellatheta idana	Coleoptera	Staphylinidae	1	1	NA	NA	NA	NA	3.99884747711881	3.99884747711881	0	TRUE	TRUE	TRUE	LT	CR	TRUE	1
Bythinus creticus	Coleoptera	Staphylinidae	1	1	NA	NA	NA	NA	4.00039597206352	4.00039597206415	1.42132590228531	TRUE	TRUE	TRUE	LT	CR	TRUE	1
Chrysis eraklionica	Hymenoptera	Chrysididae	3	3	113.666928239389	113.666928239389	30.5877927058312	4.74056062997072	12.0037759179042	11.8245003871305	1.40923232749228	TRUE	TRUE	FALSE	LT	EN	TRUE	0.98507
Coriomeris brevicornis	Heteroptera	Coreidae	1	1	NA	NA	NA	NA	4.00074238750444	4.00074238750508	0.243572097891021	TRUE	TRUE	TRUE	LT	CR	TRUE	1
Geostiba exsecta	Coleoptera	Staphylinidae	2	6	9.3784824574605	9.3784824574605	9.3784824574605	6.94538403027178	19.996511601427	19.9965116014293	5.91599161414381	TRUE	TRUE	FALSE	LT	EN	TRUE	1
Geostiba paulexsecta	Coleoptera	Staphylinidae	1	3	0.0254015964601885	0.0254015964601885	0.0254015964601885	0	11.997501577738	11.9975015777387	2.4295928387717	TRUE	TRUE	TRUE	LT	CR	TRUE	1
Lesteva longoelytrata cretica	Coleoptera	Staphylinidae	3	7	200.380739684706	200.380739684706	74.7960850632703	4.03535426378273	28.0203509907463	28.0203509907438	0.51106132888299	TRUE	TRUE	FALSE	LT	EN	TRUE	1
Lesteva szekessyi	Coleoptera	Staphylinidae	1	1	NA	NA	NA	NA	3.99933058039556	3.99933058039439	0.278855730710502	TRUE	TRUE	TRUE	LT	CR	TRUE	1
Myrmecopora idana	Coleoptera	Staphylinidae	2	4	7.4724758154431	7.4724758154431	7.4724758154431	6.64872163992117	16.0003805054087	16.0003805054136	3.33496374033823	TRUE	TRUE	FALSE	LT	EN	TRUE	1
Oxypoda idana	Coleoptera	Staphylinidae	2	2	NA	NA	NA	NA	4.01637457813726	4.01637457813766	0.960664969009829	TRUE	TRUE	FALSE	LT	EN	TRUE	1
Pyrrhocoris niger	Heteroptera	Pyrrhocoridae	1	2	NA	NA	NA	NA	4.0002469126091	4.00024691260976	2.1617106215829	TRUE	TRUE	TRUE	LT	CR	TRUE	1
Tychus lagrecai	Coleoptera	Staphylinidae	3	3	71.5011661985218	71.5011661985218	27.4980285820336	0.138451016343496	12.0116112506361	8.00629746283009	2.81570969813454	TRUE	TRUE	FALSE	LT	EN	TRUE	0.66655
Cephennium idanum	Coleoptera	Staphylinidae	1	1	NA	NA	NA	NA	4.01364699490822	2.23536219456742	0	TRUE	TRUE	TRUE	LT	CR	TRUE	0.55694
Cephennium latius	Coleoptera	Staphylinidae	1	1	NA	NA	NA	NA	4.01336434100168	0.558653627013495	0	TRUE	TRUE	TRUE	LT	CR	TRUE	0.1392
Cretotyphlus idanus	Coleoptera	Staphylinidae	1	1	NA	NA	NA	NA	4.01321282496344	1.24048242488183	0	TRUE	TRUE	TRUE	LT	CR	TRUE	0.3091
Pristiphora parnasia	Hymenoptera	Tenthredinidae	4	5	343.640852053497	342.051981402236	112.737292077223	12.2593366802221	23.9991983139169	9.79603459280667	5.77822232007382	TRUE	TRUE	FALSE	LT	EN	TRUE	0.40818
Oxypoda bimontium	Coleoptera	Staphylinidae	3	3	63.3126037900257	63.3126037900257	28.4568179155022	1.37358036564014	12.0063555176424	11.4598112199593	0.745179125663741	TRUE	TRUE	FALSE	LT	EN	TRUE	0.95448
Laena wittmeri	Coleoptera	Tenebrionidae	2	2	NA	NA	NA	NA	8.02323314908858	0	0	TRUE	TRUE	FALSE	LT	EN	TRUE	0
Xanthomus ovulus	Coleoptera	Tenebrionidae	2	2	NA	NA	NA	NA	8.02529123618744	0	0.836795211092152	TRUE	TRUE	FALSE	LT	EN	TRUE	0
Dendarus puncticollis	Coleoptera	Tenebrionidae	19	68	5301.8860752492	3043.40163624283	633.789916024848	212.831992097368	144.20465603296	32.8816110649438	14.9266129547726	FALSE	FALSE	FALSE	LNT	NT/LC	FALSE	0.22802
Dionconotus confluens creticus	Heteroptera	Miridae	2	2	NA	NA	NA	NA	7.99882286265463	2.1161060480983	2.37362361798455	TRUE	TRUE	FALSE	LT	EN	TRUE	0.26455
Nemesia caranhaci	Araneae	Nemesiidae	1	1	NA	NA	NA	NA	4.00050387922282	0	0	TRUE	TRUE	TRUE	LT	CR	TRUE	0
Stenus ariadne	Coleoptera	Staphylinidae	2	2	NA	NA	NA	NA	8.02653552868689	0	0	TRUE	TRUE	FALSE	LT	EN	TRUE	0
Malthonica daedali	Araneae	Agelenidae	1	1	NA	NA	NA	NA	4.01189753669409	0	0	TRUE	TRUE	TRUE	LT	CR	TRUE	0
Stosatea cretica	Diplopoda	Paradoxosomatidae	2	2	NA	NA	NA	NA	8.01904156975369	2.62738680248356	0.270089549915099	TRUE	TRUE	FALSE	LT	EN	TRUE	0.32764
Cephennium sinuosum	Coleoptera	Staphylinidae	3	3	362.128328375715	257.463748752796	67.9093845218705	15.2737098809068	12.0095882514251	0.516738177708888	0	TRUE	TRUE	FALSE	LT	EN	TRUE	0.04303
Kenotyphlus creticus	Coleoptera	Staphylinidae	1	1	NA	NA	NA	NA	3.99831996325894	0	0	TRUE	TRUE	TRUE	LT	CR	TRUE	0
Tapinopterus marani marani	Coleoptera	Carabidae	1	2	NA	NA	NA	NA	4.00691888863776	4.00691888865665	3.15729533321801	TRUE	TRUE	TRUE	LT	CR	TRUE	1
Temnothorax ikarosi	Hymenoptera	Formicidae	1	1	NA	NA	NA	NA	4.008305087712	3.80905416825564	3.10783676712501	TRUE	TRUE	TRUE	LT	CR	TRUE	0.95029
Zabrus oertzeni creticus	Coleoptera	Carabidae	2	20	15.5452045062801	15.5452045062801	15.5452045062738	0.652156250990915	20.0245707578615	19.989866986352	2.52175582501595	TRUE	TRUE	FALSE	LT	EN	TRUE	0.99827
Acanthopetalum furculigerum transitionis	Diplopoda	Schizopetalidae	1	1	NA	NA	NA	NA	4.00492249793881	4.00492249793953	0	TRUE	TRUE	TRUE	LT	CR	TRUE	1
Afropselaphus diktianus	Coleoptera	Staphylinidae	1	1	NA	NA	NA	NA	4.00451485491251	4.00451485491199	0	TRUE	TRUE	TRUE	LT	CR	TRUE	1
Eupholidoptera marietheresae	Orthoptera	Tettigoniidae	1	3	0	0	0	0	4.00517138887161	4.00517138887172	0	TRUE	TRUE	TRUE	LT	CR	TRUE	1
Geostiba diktiana	Coleoptera	Staphylinidae	1	1	NA	NA	NA	NA	4.0045835469922	4.00458354699285	0	TRUE	TRUE	TRUE	LT	CR	TRUE	1
Myrmecopora elisa	Coleoptera	Staphylinidae	3	6	60.8272316662973	60.8272316662973	60.8272316662973	2.49229996265493	20.0043269126687	19.9393686372287	0	TRUE	TRUE	FALSE	LT	EN	TRUE	0.99675
Oxypoda cretica	Coleoptera	Staphylinidae	2	2	NA	NA	NA	NA	8.00583312847944	8.00583312847763	0	TRUE	TRUE	FALSE	LT	EN	TRUE	1
Sunius diktianus	Coleoptera	Staphylinidae	3	4	36.0237952544496	36.0237952544496	36.0237952544496	0	12.0089451591787	11.2438138683514	0	TRUE	TRUE	FALSE	LT	EN	TRUE	0.93629
Tectusa diktiana	Coleoptera	Staphylinidae	1	2	NA	NA	NA	NA	16.0224435364692	16.0224435364697	0.0958239504559095	TRUE	TRUE	TRUE	LT	CR	TRUE	1
Amaurobius cretaensis	Araneae	Amaurobiidae	3	8	76.3278229143719	76.3278229143709	71.4458046845303	7.99644445061764	40.0054702846003	28.4208069559287	0.461319933726625	TRUE	TRUE	FALSE	LT	EN	TRUE	0.71042
Cephennium arcuatum	Coleoptera	Staphylinidae	1	3	0	0	0	0	11.9990734415524	2.68179623195866	0	TRUE	TRUE	TRUE	LT	CR	TRUE	0.2235
Cephennium selenanum	Coleoptera	Staphylinidae	1	1	NA	NA	NA	NA	3.99886148175702	3.99886148175574	0	TRUE	TRUE	TRUE	LT	CR	TRUE	1
Cretotyphlus hamatus	Coleoptera	Staphylinidae	2	3	3.05673068859496	3.05673068859496	2.88044169862669	0.79203074553009	8.005551235713	4.00061015467254	1.05683857158461	TRUE	TRUE	FALSE	LT	EN	TRUE	0.49973
Geostiba meybohmi	Coleoptera	Staphylinidae	4	9	131.501479812068	131.501479812064	106.833277050001	8.56863089117451	32.0244007223268	23.4588911860979	4.82607392098227	TRUE	TRUE	FALSE	LT	EN	TRUE	0.73253
Sintula cretaensis	Araneae	Linyphiidae	1	1	NA	NA	NA	NA	4.00011509041436	4.00011509041436	0	TRUE	TRUE	TRUE	LT	CR	TRUE	1
Walckenaeria clavilobus	Araneae	Linyphiidae	1	1	NA	NA	NA	NA	3.99989252519087	3.99989252519111	0	TRUE	TRUE	TRUE	LT	CR	TRUE	1
Dendarus mylonasi	Coleoptera	Tenebrionidae	1	2	NA	NA	NA	NA	3.99894458981688	0	0	TRUE	TRUE	TRUE	LT	CR	TRUE	0
Allotyphlus candicus	Coleoptera	Staphylinidae	3	4	323.91791868692	270.851326213446	52.0209080526563	9.22180742314693	16.0177212788177	4.02906941710827	1.76201886009778	TRUE	TRUE	FALSE	LT	EN	TRUE	0.25154
Eupholidoptera feri	Orthoptera	Tettigoniidae	1	4	0	0	0	0	4.00321343553352	4.00321343553372	0	TRUE	TRUE	TRUE	LT	CR	TRUE	1
Eupholidoptera mariannae	Orthoptera	Tettigoniidae	6	19	475.380164211331	407.124083229334	92.261337065944	35.6072397534049	80.1336919397806	18.4267201098259	2.08040721616379	TRUE	FALSE	FALSE	PT	VU	TRUE	0.22995
Myllaena cretica	Coleoptera	Staphylinidae	1	1	NA	NA	NA	NA	4.00404186231266	4.00404186231226	0	TRUE	TRUE	TRUE	LT	CR	TRUE	1
Pseudobium creticum	Coleoptera	Staphylinidae	1	2	NA	NA	NA	NA	4.00420278491567	3.87983826842682	0	TRUE	TRUE	TRUE	LT	CR	TRUE	0.96894
Anastrangalia montana steineri	Coleoptera	Cerambycidae	2	2	NA	NA	NA	NA	8.01518774014763	0	1.9339683262187	TRUE	TRUE	FALSE	LT	EN	TRUE	0
Cephennium hamulatum	Coleoptera	Staphylinidae	1	1	NA	NA	NA	NA	4.00322573656192	0	0	TRUE	TRUE	TRUE	LT	CR	TRUE	0
Cousya candica	Coleoptera	Staphylinidae	1	1	NA	NA	NA	NA	4.00506230937679	0	2.01483923157705	TRUE	TRUE	TRUE	LT	CR	TRUE	0
Geomitopsis cretica	Coleoptera	Staphylinidae	2	2	NA	NA	NA	NA	8.01109193801317	0	4.94802117023912	TRUE	TRUE	FALSE	LT	EN	TRUE	0
Stenichnus orientalis	Coleoptera	Staphylinidae	2	2	NA	NA	NA	NA	8.00864147790734	0	0	TRUE	TRUE	FALSE	LT	EN	TRUE	0
Afropselaphus thripticus	Coleoptera	Staphylinidae	1	1	NA	NA	NA	NA	4.00676216508959	4.00676216508932	0	TRUE	TRUE	TRUE	LT	CR	TRUE	1
Amaurobius geminus	Araneae	Amaurobiidae	1	2	NA	NA	NA	NA	4.00653734750207	4.0065373475018	0	TRUE	TRUE	TRUE	LT	CR	TRUE	1
Astenus thripticus	Coleoptera	Staphylinidae	1	2	NA	NA	NA	NA	4.0064095776331	4.00640957763228	0	TRUE	TRUE	TRUE	LT	CR	TRUE	1
Cephennium thripticum	Coleoptera	Staphylinidae	1	2	NA	NA	NA	NA	4.00688328190501	4.00688328190571	0	TRUE	TRUE	TRUE	LT	CR	TRUE	1
Geostiba thryptisensis	Coleoptera	Staphylinidae	1	6	0.951424615102295	0.951424615102295	0.951424615102295	0	4.00677228299962	4.00677228299962	0	TRUE	TRUE	TRUE	LT	CR	TRUE	1
Leptobium thryptisense	Coleoptera	Staphylinidae	4	7	100.321813289298	100.161393785571	18.071276774979	4.79504889987633	24.0375012446788	12.0219960810118	0.391040397081879	TRUE	TRUE	FALSE	LT	EN	TRUE	0.50014
Leptomastax thryptica	Coleoptera	Staphylinidae	1	1	NA	NA	NA	NA	4.0062553683999	4.00625536839946	0	TRUE	TRUE	TRUE	LT	CR	TRUE	1
Myrmecopora thriptica	Coleoptera	Staphylinidae	1	3	0.209214302365788	0.209214302365788	0.209214302365788	0	4.00667787990812	4.0066778799074	0	TRUE	TRUE	TRUE	LT	CR	TRUE	1
Sunius thripticus	Coleoptera	Staphylinidae	1	3	1.57542633153177	1.57542633153177	1.22367864950029	0	16.0276087364585	12.0209766353213	0	TRUE	TRUE	TRUE	LT	CR	TRUE	0.75002
Tectusa thriptica	Coleoptera	Staphylinidae	1	1	NA	NA	NA	NA	4.00725670323983	4.00725670323908	0	TRUE	TRUE	TRUE	LT	CR	TRUE	1
Cephennium curvatum	Coleoptera	Staphylinidae	1	1	NA	NA	NA	NA	4.00303629230546	0	0.046052965836833	TRUE	TRUE	TRUE	LT	CR	TRUE	0
Eupholidoptera annamariae	Orthoptera	Tettigoniidae	6	21	283.531659598334	282.871798286718	20.0306305360204	12.1592584456443	68.1035461444197	11.2332369743842	4.08152971229851	TRUE	FALSE	FALSE	PT	VU	TRUE	0.16494
Tentyria sporadica zimmermanni	Coleoptera	Tenebrionidae	1	1	NA	NA	NA	NA	4.01354986301522	2.23941202741863	2.23806012197383	TRUE	TRUE	TRUE	LT	CR	TRUE	0.55796
Dailognatha quadricollis pseudobtusangula	Coleoptera	Tenebrionidae	2	3	1.80934150023046	1.03122937857861	1.03122937857969	1.02963896416683	16.0475484029586	4.08241689383688	4.06777653755994	TRUE	TRUE	FALSE	LT	EN	TRUE	0.2544
Dendarus dragonadanus	Coleoptera	Tenebrionidae	2	10	2.54166926189481	1.41466796075822	1.41466796075309	1.41220179273454	20.0588610768563	4.3625098400051	4.344165021732	TRUE	TRUE	FALSE	LT	EN	TRUE	0.21749
Cephennium fortespinosum	Coleoptera	Staphylinidae	1	1	NA	NA	NA	NA	4.00514238679848	0	0.297296463476987	TRUE	TRUE	TRUE	LT	CR	TRUE	0
Euconnus zakrius	Coleoptera	Staphylinidae	1	2	NA	NA	NA	NA	4.00541557931604	0	1.01770890693039	TRUE	TRUE	TRUE	LT	CR	TRUE	0
